0:45:23.065689,10,0
0:45:23.065689,13,0
0:45:23.065811,16,0
0:45:24.666544,10,-30464
0:45:24.666666,13,0
0:45:24.666666,16,-22016
0:45:26.267155,10,-30720
0:45:26.267277,13,0
0:45:26.267277,16,-22016
0:45:27.868864,10,-30208
0:45:27.868986,13,0
0:45:27.868986,16,-22016
0:45:29.468742,10,-30464
0:45:29.468742,13,0
0:45:29.468864,16,-22272
0:45:31.068377,10,-30464
0:45:31.069353,13,0
0:45:31.069475,16,-22272
0:45:32.670208,10,-30464
0:45:32.670208,13,0
0:45:32.670086,16,-22272
0:45:34.271549,10,-30464
0:45:34.271671,13,0
0:45:34.271671,16,-22272
0:45:35.872406,16,-22272
0:45:35.872528,10,-30208
0:45:35.872528,13,0
0:45:37.473015,16,-22272
0:45:37.473137,10,-30464
0:45:37.473137,13,0
0:45:39.074482,16,-22272
0:45:39.074604,10,-30208
0:45:39.074604,13,0
0:45:40.674603,16,-22784
0:45:40.675335,10,-30464
0:45:40.675335,13,0
0:45:42.275093,16,-22272
0:45:42.275948,10,-30464
0:45:42.276070,13,0
0:45:43.875946,16,-22272
0:45:43.877655,10,-30464
0:45:43.877655,13,0
0:45:45.477413,16,-22272
0:45:45.478268,10,-30208
0:45:45.478268,13,0
0:45:47.078022,16,-22272
0:45:47.078876,10,-30464
0:45:47.078876,13,0
0:45:48.678875,16,-22272
0:45:48.681320,10,-30464
0:45:48.681442,13,0
0:45:50.281075,16,-22272
0:45:50.281929,10,-30464
0:45:50.282051,13,0
0:45:51.882050,16,-22272
0:45:51.883640,10,-30464
0:45:51.883640,13,0
0:45:53.483395,16,-22528
0:45:53.484249,10,-30720
0:45:53.484249,13,0
0:45:55.084003,16,-22528
0:45:55.084858,10,-30464
0:45:55.084858,13,0
0:45:56.684860,16,-22528
0:45:56.686569,10,-30464
0:45:56.686569,13,0
0:45:59.886448,16,-22528
0:45:59.887180,10,-30464
0:45:59.887302,13,0
0:46:1.486935,16,-22784
0:46:1.487790,10,-30464
0:46:1.487912,13,0
0:46:3.087546,16,-22528
0:46:3.089255,10,-30464
0:46:3.089255,13,0
0:46:4.689255,16,-22528
0:46:6.289865,10,-30464
0:46:6.289988,13,0
0:46:7.890842,10,-30464
0:46:7.890842,13,0
0:46:9.490599,16,-22784
0:46:11.092064,16,-22528
0:46:11.092796,10,-30464
0:46:12.692796,16,-22784
0:46:12.693651,10,-30464
0:46:12.693773,13,0
0:46:14.293406,16,-22528
0:46:14.295971,10,-30464
0:46:14.295971,13,0
0:46:15.895970,16,-22784
0:46:15.896826,10,-30464
0:46:15.896826,13,0
0:46:17.498169,10,-30464
0:46:17.498291,13,0
0:46:19.097925,16,-23040
0:46:20.698778,16,-22784
0:46:20.699635,10,-30464
0:46:20.699757,13,0
0:46:22.299389,16,-22784
0:46:22.301100,13,0
0:46:25.501831,10,-30464
0:46:25.501831,13,0
0:46:27.101587,16,-22784
0:46:27.102442,10,-30464
0:46:27.102442,13,0
0:46:28.702442,16,-22784
0:46:28.704029,10,-30720
0:46:28.704029,13,0
0:46:33.504517,16,-22528
0:46:33.505371,10,-30464
0:46:33.505371,13,0
0:46:36.706837,16,-22784
0:46:38.307327,16,-22528
0:46:38.308182,10,-30208
0:46:38.308304,13,0
0:46:39.908180,16,-22528
0:46:39.910744,10,-30464
0:46:39.910744,13,0
0:46:41.511356,10,-30208
0:46:41.511356,13,0
0:46:43.111111,16,-22528
0:46:43.112820,10,-30464
0:46:43.112820,13,0
0:46:44.712822,16,-22528
0:46:44.713676,10,-30464
0:46:44.713676,13,0
0:46:46.313309,16,-22784
0:46:46.314285,10,-30464
0:46:46.314285,13,0
0:46:47.914162,16,-22528
0:46:47.915874,10,-30464
0:46:47.915874,13,0
0:46:52.717216,10,-30464
0:46:52.717216,13,0
0:46:57.518436,16,-22272
0:46:57.520145,10,-30464
0:46:57.520145,13,0
0:47:0.719902,16,-22272
0:47:0.722344,10,-30464
0:47:0.722466,13,0
0:47:5.522833,16,-22272
0:47:5.526129,10,-30464
0:47:5.526129,13,0
0:47:8.725885,16,-22272
0:47:8.728327,10,-30464
0:47:8.728449,13,0
0:47:11.930403,10,-30464
0:47:11.930647,13,0
0:47:13.528815,16,-22272
0:47:15.131136,10,-30720
0:47:15.131258,13,0
0:47:16.731991,10,-30720
0:47:16.731991,13,0
0:47:18.333334,10,-30720
0:47:18.333456,13,0
0:47:19.931746,16,-22272
0:47:21.534065,10,-30720
0:47:21.534187,13,0
0:47:23.132967,16,-22016
0:47:26.334433,16,-22272
0:47:27.936142,16,-22016
0:47:27.937851,10,-30720
0:47:29.536509,16,-22016
0:47:29.540049,10,-30464
0:47:32.739803,16,-21760
0:47:32.742493,13,0
0:47:37.542614,16,-22016
0:47:39.143223,16,-22016
0:47:42.344810,16,-22016
0:47:42.346519,10,-30464
0:47:45.546032,16,-22016
0:47:50.348351,16,-22016
0:47:50.351650,10,-30720
0:47:50.351772,13,0
0:47:51.949207,16,-22272
0:47:51.952503,10,-30720
0:47:51.952625,13,0
0:47:55.151161,16,-22272
0:47:55.155434,10,-30720
0:47:55.155556,13,0
0:47:58.354092,16,-22272
0:47:59.955189,16,-22272
0:47:59.958485,10,-30720
0:47:59.958607,13,0
0:48:1.556532,16,-22272
0:48:3.157143,16,-22272
0:48:4.757998,16,-22272
0:48:9.560195,16,-22272
0:48:9.562881,13,0
0:48:11.160684,16,-22272
0:48:11.163370,10,-30720
0:48:11.163492,13,0
0:48:12.764225,10,-30976
0:48:12.764347,13,0
0:48:15.963126,16,-22272
0:48:17.563736,16,-22272
0:48:17.567156,10,-30976
0:48:17.567156,13,0
0:48:27.171062,16,-22528
0:48:30.375214,10,-31232
0:48:30.375336,13,0
0:48:33.574116,16,-22784
0:48:35.174603,16,-22784
0:48:36.775459,16,-23040
0:48:38.380341,10,-31488
0:48:38.380463,13,0
0:48:43.184250,13,0
0:48:47.987179,10,-31488
0:48:47.987301,13,0
0:48:49.587791,10,-31744
0:48:52.789257,10,-31744
0:48:52.789379,13,0
0:48:54.389866,10,-31744
0:48:54.390110,13,0
0:48:55.990719,10,-31744
0:49:0.792796,10,-31744
0:49:0.793040,13,0
0:49:2.393407,10,-31744
0:49:2.393651,13,0
0:49:5.595726,10,-32000
0:49:5.595849,13,0
0:49:13.601709,10,-32256
0:49:13.601831,13,0
0:49:15.198047,16,-24576
0:49:15.202320,10,-32256
0:49:15.202442,13,0
0:49:16.798901,16,-25088
0:49:20.004396,10,-32768
0:49:20.004641,13,0
0:49:21.601709,16,-25088
0:49:21.605249,10,-32512
0:49:21.605495,13,0
0:49:23.206715,10,-32768
0:49:23.206959,13,0
0:49:24.807570,10,-32768
0:49:26.403908,16,-25600
0:49:26.408180,10,-32768
0:49:26.408302,13,0
0:49:28.004519,16,-25344
0:49:28.009645,10,-32768
0:49:28.009768,13,0
0:49:31.210989,10,-32768
0:49:31.211233,13,0
0:49:32.806839,16,-25600
0:49:34.407448,16,-25856
0:49:37.609768,16,-26112
0:49:39.210377,16,-26112
0:49:42.413429,16,-26368
0:49:44.019169,10,32512
0:49:44.019291,13,0
0:49:50.417828,16,-26112
0:49:50.422222,13,0
0:49:58.421368,16,-25856
0:50:0.021978,16,-26368
0:50:0.028694,10,32000
0:50:0.028816,13,0
0:50:1.630281,10,32000
0:50:1.630525,13,0
0:50:3.230891,10,32000
0:50:3.231136,13,0
0:50:4.825030,16,-25856
0:50:6.433089,10,32000
0:50:6.433333,13,0
0:50:8.027961,16,-26112
0:50:8.033089,10,32256
0:50:8.033212,13,0
0:50:11.234432,10,32000
0:50:11.234676,13,0
0:50:12.831014,16,-25856
0:50:17.639072,10,32256
0:50:19.239683,10,32000
0:50:19.239927,13,0
0:50:20.840538,10,32256
0:50:20.840538,13,0
0:50:25.636631,16,-26112
0:50:27.245543,10,32000
0:50:27.245787,13,0
0:50:28.838949,16,-26368
0:50:28.846397,10,32000
0:50:28.846642,13,0
0:50:30.447863,10,32256
0:50:30.448107,13,0
0:50:32.047741,10,32256
0:50:32.047985,13,0
0:50:35.244080,16,-26368
0:50:35.249207,10,32256
0:50:35.249451,13,0
0:50:36.851036,13,0
0:50:38.445423,16,-26368
0:50:41.652138,10,32000
0:50:41.652382,13,0
0:50:43.253601,10,31744
0:50:43.253845,13,0
0:50:44.848351,16,-26880
0:50:48.049694,16,-26624
0:50:49.650551,16,-26624
0:50:51.251160,16,-26880
0:50:51.259464,10,32000
0:50:51.259830,13,0
0:50:52.852871,16,-26624
0:50:54.453358,16,-26880
0:50:57.656410,16,-27136
0:50:59.257019,16,-26880
0:51:2.465323,10,-31744
0:51:2.465690,13,0
0:51:4.059951,16,-18176
0:51:4.065934,10,-27392
0:51:5.661661,16,-12544
0:51:5.666789,10,-22784
0:51:5.667033,13,0
0:51:8.869108,10,-17664
0:51:8.869353,13,0
0:51:10.462881,16,-10240
0:51:12.071917,10,-17920
0:51:12.072161,13,0
0:51:13.672771,10,-19456
0:51:13.673016,13,0
0:51:15.273993,10,-21504
0:51:15.274481,13,0
0:51:16.865812,16,-19200
0:51:18.466911,16,-22272
0:51:18.475580,10,-26112
0:51:18.475946,13,0
0:51:21.668743,16,-27136
0:51:24.871796,16,-30720
0:51:24.878510,10,31488
0:51:24.878876,13,0
0:51:26.479975,10,30208
0:51:26.480219,13,0
0:51:28.080219,13,0
0:51:29.674603,16,31744
0:51:29.680708,10,27648
0:51:31.281319,10,27136
0:51:31.281563,13,0
0:51:36.077412,16,28672
0:51:39.287300,10,23552
0:51:39.287544,13,0
0:51:40.879730,16,27136
0:51:42.489498,10,22272
0:51:42.489864,13,0
0:51:44.090111,10,22016
0:51:44.090477,13,0
0:51:45.682541,16,25600
0:51:52.087914,16,23552
0:51:52.094627,10,19200
0:51:52.094872,13,0
0:51:53.688522,16,22784
0:51:55.289135,16,22272
0:51:56.897678,10,17920
0:51:56.898045,13,0
0:52:0.091331,16,21504
0:52:1.701465,10,16896
0:52:1.701709,13,0
0:52:8.094872,16,19968
0:52:8.105250,13,0
0:52:9.696703,16,19968
0:52:11.297192,16,19968
0:52:14.507936,10,14592
0:52:14.508303,13,0
0:52:17.709524,10,14336
0:52:17.709768,13,0
0:52:20.904030,16,19456
0:52:20.910868,10,13824
0:52:24.112942,10,13568
0:52:24.113310,13,0
0:52:25.706104,16,18944
0:52:27.315994,10,13312
0:52:27.316360,13,0
0:52:28.916971,10,13056
0:52:28.917215,13,0
0:52:30.518681,13,0
0:52:38.512699,16,17920
0:52:43.317459,16,17664
0:52:44.925762,10,10496
0:52:44.926495,13,0
0:52:46.518681,16,17664
0:52:48.120026,16,17664
0:52:49.728695,10,10496
0:52:49.729183,13,0
0:52:51.320759,16,17920
0:52:52.921612,16,17920
0:52:52.932480,13,0
0:52:54.523075,16,17920
0:52:56.133823,10,9728
0:52:56.134190,13,0
0:52:57.734676,10,9984
0:52:59.324421,16,17920
0:52:59.336021,10,9472
0:53:0.926374,16,17920
0:53:2.526618,16,17920
0:53:4.127350,16,17664
0:53:5.739072,10,9472
0:53:5.739439,13,0
0:53:7.330403,16,17152
0:53:12.141880,10,8960
0:53:12.142246,13,0
0:53:13.742735,10,8704
0:53:16.945787,10,8704
0:53:16.946154,13,0
0:53:21.748718,10,8448
0:53:21.749084,13,0
0:53:23.338339,16,16384
0:53:28.151403,10,8448
0:53:28.151770,13,0
0:53:29.752258,10,8704
0:53:29.752991,13,0
0:53:31.344444,16,16384
0:53:32.945297,16,16896
0:53:32.954578,10,8704
0:53:32.954945,13,0
0:53:34.547009,16,16640
0:53:34.555191,10,8704
0:53:36.147251,16,16640
0:53:40.960560,10,8704
0:53:40.960930,13,0
0:53:45.752502,16,16896
0:53:45.763493,10,8704
0:53:45.763859,13,0
0:53:47.352749,16,17152
0:53:48.953236,16,16896
0:53:48.966179,13,0
0:53:50.565689,10,8960
0:53:50.566055,13,0
0:53:52.155312,16,17152
0:53:58.559830,16,17664
0:54:0.169841,10,9216
0:54:3.362760,16,17920
0:54:4.973016,10,8960
0:54:4.973382,13,0
0:54:6.575213,10,9216
0:54:6.575580,13,0
0:54:9.777534,10,9472
0:54:9.777900,13,0
0:54:11.367033,16,18432
0:54:12.967278,16,18432
0:54:16.168377,16,19200
0:54:17.781075,10,9472
0:54:17.781441,13,0
0:54:19.381807,10,9472
0:54:19.382296,13,0
0:54:22.584005,10,9472
0:54:22.584372,13,0
0:54:24.174358,16,18944
0:54:25.776068,16,19200
0:54:25.786325,10,9728
0:54:25.786692,13,0
0:54:27.386814,10,9728
0:54:27.387302,13,0
0:54:30.578876,16,19200
0:54:30.590355,13,0
0:54:32.190598,10,9984
0:54:33.779732,16,19456
0:54:35.392796,10,9984
0:54:36.993774,10,10240
0:54:43.384617,16,19968
0:54:44.998047,10,10496
0:54:44.998413,13,0
0:54:48.198536,10,10240
0:54:48.198902,13,0
0:54:51.401222,13,0
0:54:54.602322,10,10496
0:54:54.602810,13,0
0:54:57.805374,10,11008
0:54:57.805862,13,0
0:54:59.394138,16,22272
0:54:59.406715,10,11264
0:54:59.407204,13,0
0:55:0.994994,16,22784
0:55:2.608181,10,11520
0:55:5.797070,16,23296
0:55:5.810134,13,0
0:55:8.999390,16,23296
0:55:9.010867,10,11520
0:55:13.803053,16,23296
0:55:13.814041,10,11520
0:55:13.814529,13,0
0:55:15.403663,16,23552
0:55:17.005129,16,23552
0:55:18.605984,16,23808
0:55:23.421490,10,12288
0:55:23.421978,13,0
0:55:25.021978,10,12032
0:55:25.022467,13,0
0:55:26.609524,16,24320
0:55:26.622833,10,12288
0:55:28.210867,16,24320
0:55:29.810989,16,24320
0:55:29.824421,10,12288
0:55:29.824909,13,0
0:55:31.425518,13,0
0:55:33.012211,16,24832
0:55:33.025642,10,12544
0:55:36.227108,10,13056
0:55:36.227596,13,0
0:55:41.018192,16,25088
0:55:44.231380,10,13056
0:55:44.231991,13,0
0:55:47.435043,13,0
0:55:49.022465,16,25344
0:55:52.223930,16,25856
0:55:52.237362,10,13568
0:55:53.825520,16,25856
0:55:53.839561,13,0
0:55:57.026009,16,25856
0:55:57.039440,10,13568
0:55:57.039928,13,0
0:56:0.228327,16,25856
0:56:3.429792,16,25856
0:56:3.443223,10,13568
0:56:3.443712,13,0
0:56:5.031990,16,25856
0:56:8.234310,16,26368
0:56:11.435776,16,25856
0:56:11.449206,10,13824
0:56:11.449695,13,0
0:56:14.637240,16,25856
0:56:14.651404,10,14080
0:56:14.652015,13,0
0:56:17.838705,16,25856
0:56:17.853601,10,14592
0:56:17.854212,13,0
0:56:22.640781,16,25856
0:56:22.654945,10,14080
0:56:22.655556,13,0
0:56:24.256411,10,14080
0:56:25.843102,16,25600
0:56:25.856533,10,14080
0:56:25.857021,13,0
0:56:29.057631,10,14336
0:56:30.646765,16,25600
0:56:32.247375,16,25856
0:56:32.259953,10,14592
0:56:32.260563,13,0
0:56:33.848961,16,25600
0:56:35.463005,10,14592
0:56:35.463615,13,0
0:56:37.064224,13,0
0:56:41.852505,16,25600
0:56:41.866787,10,14592
0:56:41.867279,13,0
0:56:45.068619,13,0
0:56:48.255188,16,25344
0:56:51.471794,10,14848
0:56:51.472404,13,0
0:56:54.673992,10,14848
0:56:54.674603,13,0
0:56:56.261173,16,25344
0:56:56.274605,10,15104
0:56:56.275215,13,0
0:56:57.875458,10,15104
0:56:59.477657,10,15104
0:56:59.478268,13,0
0:57:2.664957,16,25344
0:57:2.679976,10,15104
0:57:2.680586,13,0
0:57:5.866423,16,25344
0:57:5.882051,13,0
0:57:7.483395,13,0
0:57:12.269109,16,24576
0:57:13.869964,16,24832
0:57:13.885715,10,15360
0:57:13.886325,13,0
0:57:18.687057,10,15104
0:57:18.687668,13,0
0:57:20.289133,13,0
0:57:21.889378,10,15104
0:57:23.489988,10,15360
0:57:23.490599,13,0
0:57:26.678755,16,24320
0:57:28.279366,16,24320
0:57:28.294506,10,15360
0:57:28.295116,13,0
0:57:36.298046,10,15360
0:57:37.883884,16,24320
0:57:37.898903,10,15616
0:57:41.084980,16,24064
0:57:41.100853,10,15872
0:57:41.101463,13,0
0:57:42.702320,13,0
0:57:44.287300,16,24320
0:57:45.888157,16,23808
0:57:45.904030,10,15616
0:57:45.904640,13,0
0:57:49.106838,10,15616
0:57:55.510746,10,15872
0:57:55.511234,13,0
0:57:57.095360,16,23808
0:57:58.696217,16,23808
0:57:58.712090,10,16128
0:57:58.712700,13,0
0:58:1.898413,16,23808
0:58:1.913675,10,15872
0:58:1.914164,13,0
0:58:3.515507,13,0
0:58:8.301221,16,23552
0:58:8.316361,10,16384
0:58:9.917949,10,16384
0:58:13.104884,16,23808
0:58:13.119658,13,0
0:58:14.705739,16,23552
0:58:14.721490,10,16640
0:58:14.722222,13,0
0:58:17.907936,16,23808
0:58:17.923809,10,16896
0:58:17.924419,13,0
0:58:19.525030,13,0
0:58:22.710012,16,23552
0:58:25.911478,16,23808
0:58:25.927351,10,16896
0:58:35.516483,16,24064
0:58:35.533089,10,17408
0:58:35.533821,13,0
0:58:40.336876,10,17408
0:58:40.337486,13,0
0:58:43.539070,10,17408
0:58:46.742001,13,0
0:58:48.324543,16,24064
0:58:54.727474,16,24064
0:58:54.744202,10,17920
0:58:54.744812,13,0
0:58:57.946278,13,0
0:58:59.547009,10,18176
0:58:59.547741,13,0
0:59:4.350672,10,18432
0:59:4.351404,13,0
0:59:5.934921,16,24576
0:59:5.951526,10,18688
0:59:5.952259,13,0
0:59:18.759584,13,0
0:59:23.543468,16,26368
0:59:26.763126,10,19968
0:59:28.346275,16,26368
0:59:28.365324,10,20224
0:59:29.948717,16,26368
0:59:29.966911,13,0
0:59:34.751648,16,26624
0:59:34.769230,10,20224
0:59:34.769840,13,0
0:59:36.352261,16,26880
0:59:37.970695,10,20736
0:59:37.971306,13,0
,,
0:59:42.755188,16,27392
0:59:45.956776,16,27904
0:59:49.157875,16,28160
0:59:50.759586,16,28416
0:59:50.777046,10,21248
0:59:50.777779,13,0
0:59:53.961052,16,28416
1:0:1.985226,10,23296
1:0:3.568498,16,30208
1:0:13.171795,16,30720
1:0:14.791820,10,23808
1:0:14.792552,13,0
1:0:22.778755,16,32000
1:0:24.380098,16,31744
1:0:24.399145,13,0
1:0:26.000000,10,25088
1:0:26.000488,13,0
1:0:30.801344,10,25088
1:0:30.802076,13,0
1:0:37.185837,16,-32768
1:0:38.786690,16,-32256
1:0:38.805862,10,25600
1:0:38.806595,13,0
1:0:42.006958,10,25600
1:0:43.610256,13,0
1:0:48.393284,16,-32000
1:0:48.412331,10,26112
1:0:48.412209,13,0
1:0:50.013798,13,0
1:0:53.196095,16,-31744
1:0:54.797802,16,-31744
1:0:54.815262,10,26368
1:0:54.816116,13,0
1:0:59.618195,10,26624
1:0:59.619049,13,0
1:1:4.401221,16,-30720
1:1:6.021734,10,27136
1:1:6.022589,13,0
1:1:7.603541,16,-30720
1:1:9.224787,10,27392
1:1:12.427106,10,27392
1:1:12.427961,13,0
1:1:14.027717,10,27392
1:1:14.028571,13,0
1:1:15.629426,10,27648
1:1:15.630158,13,0
1:1:20.412455,16,-29696
1:1:22.032845,13,0
1:1:25.232845,10,28160
1:1:26.815384,16,-29696
1:1:26.833700,10,28416
1:1:26.834555,13,0
1:1:28.435165,10,28416
1:1:28.436020,13,0
1:1:31.636631,10,28416
1:1:31.637486,13,0
1:1:33.238827,10,28416
1:1:33.239681,13,0
1:1:34.839684,10,28416
1:1:34.840538,13,0
1:1:36.442001,13,0
1:1:38.021854,16,-28928
1:1:41.244080,10,29440
1:1:41.244812,13,0
1:1:42.844078,10,28928
1:1:42.845055,13,0
1:1:46.046154,13,0
1:1:47.627106,16,-28160
1:1:50.849327,13,0
1:1:52.450794,13,0
1:1:54.029915,16,-27904
1:1:55.630768,16,-27904
1:1:57.254456,13,0
1:2:0.455922,10,29696
1:2:2.034188,16,-27648
1:2:2.057387,13,0
1:2:3.636630,16,-27392
1:2:3.657387,10,29696
1:2:3.658242,13,0
1:2:5.258852,10,30208
1:2:5.259707,13,0
1:2:6.859829,13,0
1:2:8.439561,16,-27392
1:2:10.040171,16,-27392
1:2:14.862515,10,29952
1:2:14.863370,13,0
1:2:16.463980,13,0
1:2:18.064590,10,29952
1:2:21.267033,13,0
1:2:22.846153,16,-27392
1:2:24.469109,10,30208
1:2:26.048229,16,-26880
1:2:26.071428,13,0
1:2:27.649084,16,-27136
1:2:29.273016,13,0
1:2:30.852137,16,-26880
1:2:32.473625,10,30464
1:2:32.474480,13,0
1:2:34.075092,13,0
1:2:35.655067,16,-26880
1:2:37.256409,16,-26624
1:2:38.856655,16,-26880
1:2:40.457264,16,-27136
1:2:43.659462,16,-26624
1:2:45.280830,10,30720
1:2:45.281807,13,0
1:2:46.883396,10,30720
1:2:50.084980,10,30720
1:2:50.086327,13,0
1:2:51.663124,16,-26880
1:2:53.286934,10,30976
1:2:56.488400,10,30976
1:2:59.669109,16,-26880
1:3:1.291209,10,30976
1:3:1.292186,13,0
1:3:4.471306,16,-26880
1:3:6.092552,10,30976
1:3:6.093529,13,0
1:3:10.895726,10,31232
1:3:12.498047,10,30976
1:3:15.700366,10,31232
1:3:17.300978,10,31232
1:3:18.901831,10,31232
1:3:20.480831,16,-26624
1:3:23.683271,16,-26624
1:3:23.703907,10,31488
1:3:26.906227,10,31488
1:3:26.907204,13,0
1:3:28.485958,16,-26368
1:3:31.686813,16,-26624
1:3:33.287422,16,-26624
1:3:34.889011,16,-26624
1:3:34.910622,10,31488
1:3:36.512821,10,31744
1:3:36.513920,13,0
1:3:41.316849,13,0
1:3:44.493286,16,-26368
1:3:46.095604,16,-26368
1:3:46.118805,13,0
1:3:47.696339,16,-26368
1:3:50.921001,10,31744
1:3:55.700855,16,-26368
1:3:57.301464,16,-26368
1:3:58.924664,10,31744
1:3:58.925640,13,0
1:4:0.503663,16,-26368
1:4:0.526252,13,0
1:4:3.704518,16,-26112
1:4:5.330891,13,0
1:4:6.906837,16,-26368
1:4:6.930647,10,31744
1:4:6.931746,13,0
1:4:10.132723,10,-32768
1:4:10.133699,13,0
1:4:11.732845,10,31744
1:4:11.733822,13,0
1:4:13.333455,10,31744
1:4:16.513432,16,-26368
1:4:18.136385,10,31744
1:4:18.137363,13,0
1:4:19.715630,16,-26112
1:4:21.338705,10,31744
1:4:21.339682,13,0
1:4:22.939560,10,32000
1:4:24.540171,10,31744
1:4:29.344810,10,32512
1:4:29.345665,13,0
1:4:30.945543,10,32256
1:4:30.946520,13,0
1:4:32.547131,13,0
1:4:34.121979,16,-26112
1:4:38.926006,16,-25856
1:4:40.527473,16,-26368
1:4:42.151527,13,0
1:4:43.728817,16,-25856
1:4:45.351894,10,32256
1:4:45.352871,13,0
1:4:48.554211,10,32256
1:4:53.333210,16,-26112
1:4:54.959583,10,32512
1:4:54.960682,13,0
1:4:56.534554,16,-25600
1:4:58.136143,16,-25600
1:5:2.963248,10,32512
1:5:2.964225,13,0
1:5:6.165446,10,-32768
1:5:6.166300,13,0
1:5:7.767155,13,0
1:5:9.366789,10,32512
1:5:10.945177,16,-25088
1:5:15.746520,16,-25600
1:5:17.373871,13,0
1:5:18.974482,10,-32768
1:5:20.575092,10,-32768
1:5:26.952503,16,-25600
1:5:30.181074,13,0
1:5:33.357632,16,-25600
1:5:34.981686,10,-32768
1:5:34.982662,13,0
1:5:39.784615,10,-32768
1:5:39.785713,13,0
1:5:41.361172,16,-25344
1:5:42.962761,16,-25344
1:5:47.790844,10,-32512
1:5:54.193405,10,-32512
1:5:55.796215,13,0
1:5:57.371674,16,-25088
1:5:58.972527,16,-25344
1:6:0.599023,13,0
1:6:2.174481,16,-25088
1:6:7.002442,10,-32512
1:6:7.003419,13,0
1:6:10.205617,13,0
1:6:11.806593,13,0
1:6:16.581074,16,-24832
1:6:18.208181,10,-32256
1:6:21.409767,10,-32000
1:6:21.410990,13,0
1:6:22.986568,16,-24576
1:6:27.789377,16,-24576
1:6:27.813431,10,-32256
1:6:29.415262,13,0
1:6:43.796703,16,-24832
1:6:45.424541,10,-32000
1:6:45.425762,13,0
1:6:48.601219,16,-24832
1:6:50.228695,13,0
1:6:53.429058,10,-31744
1:6:55.003906,16,-24320
1:6:58.233456,10,-31744
1:6:59.834309,10,-31744
1:6:59.835529,13,0
1:7:1.435165,10,-31744
1:7:6.209890,16,-24832
1:7:9.440537,13,0
1:7:14.215873,16,-24320
1:7:14.241880,13,0
1:7:17.417337,16,-24320
1:7:23.848475,10,-31744
1:7:28.622345,16,-24320
1:7:31.852015,10,-31488
1:7:31.852747,13,0
1:7:33.425274,16,-24320
1:7:35.026009,16,-24320
1:7:35.055313,13,0
1:7:36.628448,16,-24320
1:7:41.431381,16,-24064
1:7:47.834309,16,-24320
1:7:49.463860,10,-31232
1:7:57.467522,10,-31232
1:7:57.468620,13,0
1:7:59.068863,10,-31232
1:8:5.471917,10,-31232
1:8:15.049573,16,-24320
1:8:19.851892,16,-24320
1:8:19.882174,13,0
1:8:26.255434,16,-24320
1:8:26.285593,13,0
1:8:32.660927,16,-24320
1:8:35.892551,13,0
1:8:39.063614,16,-24320
1:8:45.466667,16,-24320
1:8:50.269596,16,-24064
1:8:53.472649,16,-24320
1:8:53.501221,13,0
1:8:56.702198,10,-30720
1:8:58.275581,16,-24064
1:8:59.876312,16,-24320
1:9:1.505983,10,-30720
1:9:1.507204,13,0
1:9:4.709524,13,0
1:9:11.112210,13,0
1:9:15.884371,16,-24064
1:9:15.914164,10,-30464
1:9:15.915384,13,0
1:9:17.484982,16,-24320
1:9:20.716972,10,-30720
1:9:22.318926,13,0
1:9:23.890354,16,-24064
1:9:33.495361,16,-24320
1:9:36.726742,10,-30464
1:9:43.099632,16,-24320
1:9:43.130768,13,0
1:9:44.702076,16,-24064
1:9:44.731136,10,-30464
1:9:51.105618,16,-24320
1:9:52.707203,16,-24320
1:9:52.737118,10,-30464
1:9:52.738461,13,0
1:9:57.508549,16,-24320
1:9:57.539928,10,-29696
1:9:59.109890,16,-24320
1:10:5.543590,10,-30464
1:10:5.544933,13,0
1:10:7.144200,10,-30464
1:10:8.745910,10,-30464
1:10:10.346520,10,-30208
1:10:21.554701,10,-29696
1:10:21.556044,13,0
1:10:23.123199,16,-24320
1:10:29.526129,16,-24320
1:10:29.559219,13,0
1:10:32.728451,16,-24320
1:10:40.765079,10,-30208
1:10:51.939560,16,-24064
1:10:55.140781,16,-24320
1:10:55.173016,10,-30208
1:11:7.982173,10,-29952
1:11:12.752014,16,-23808
1:11:17.588522,13,0
15,,
1:11:20.787790,10,-29952
1:11:27.160685,16,-23552
1:11:27.192797,13,0
1:11:33.596703,10,-29696
1:11:33.598167,13,0
1:11:44.804028,13,0
1:11:51.206104,10,-29696
1:11:57.578510,16,-23552
1:11:59.178997,16,-23296
1:11:59.212212,10,-29696
1:12:3.981441,16,-23552
1:12:4.015751,13,0
1:12:12.017827,10,-29696
1:12:13.619536,10,-29696
1:12:13.621001,13,0
1:12:26.395239,16,-23296
1:12:29.630648,13,0
1:12:31.196581,16,-23296
1:12:34.433456,13,0
1:12:35.999023,16,-23296
1:12:37.634312,10,-29696
1:12:40.837242,13,0
1:12:44.004761,16,-23296
1:12:44.038582,10,-29696
1:12:45.605618,16,-23296
1:12:45.640293,10,-29696
1:12:50.444687,13,0
1:13:0.012698,16,-23296
1:13:0.046764,10,-29696
1:13:0.048107,13,0
1:13:1.647497,10,-29696
1:13:6.416483,16,-23296
1:13:8.017094,16,-23296
1:13:9.619536,16,-23296
1:13:11.254945,10,-29696
1:13:14.422466,16,-23296
1:13:16.023077,16,-23296
1:13:20.859341,10,-29440
1:13:30.465202,10,-29440
1:13:30.466667,13,0
1:13:32.068985,13,0
,14,
1:13:33.631989,16,-23040
1:13:35.269718,10,-29440
1:13:35.271183,13,0
1:13:36.835041,16,-23296
1:13:36.870697,10,-29440
1:13:36.872162,13,0
1:13:38.436386,16,-23040
1:13:38.471184,10,-29696
1:13:40.072529,10,-29440
1:13:43.273384,10,-29696
1:13:48.040539,16,-23040
1:13:48.075459,10,-29440
1:13:49.676311,10,-29440
1:13:49.677776,13,0
1:13:51.276802,10,-29440
1:13:56.045055,16,-23040
1:13:57.645786,16,-22784
1:13:59.284370,13,0
1:14:0.848962,16,-23040
1:14:0.884493,10,-29184
1:14:10.453968,16,-22528
1:14:10.488767,10,-29440
1:14:10.490232,13,0
1:14:12.090232,10,-29184
1:14:15.293162,13,0
1:14:23.297558,10,-29184
1:14:24.899267,10,-29440
1:14:24.900854,13,0
1:14:26.499878,10,-29184
1:14:34.505005,13,0
1:14:36.068497,16,-23040
1:14:36.104885,10,-29184
1:14:47.313431,13,0
1:14:55.280342,16,-23040
1:14:56.916851,10,-29184
1:14:56.918438,13,0
1:15:0.083150,16,-23040
1:15:0.118071,10,-29184
1:15:1.683272,16,-22784
1:15:1.719780,10,-29440
1:15:4.922832,13,0
1:15:11.328205,13,0
1:15:12.889133,16,-22784
1:15:16.129183,10,-29184
1:15:17.692797,16,-23040
1:15:17.730036,10,-29440
1:15:19.293407,16,-23296
1:15:27.297924,16,-23296
1:15:35.301464,16,-23296
1:15:38.541759,10,-29184
1:15:43.307327,16,-23040
1:15:44.946278,10,-29184
1:15:48.148476,13,0
1:15:52.949940,10,-29184
1:15:54.513187,16,-23296
1:15:56.113796,16,-23296
1:16:0.955922,10,-29184
1:16:2.516850,16,-23296
1:16:4.159585,13,0
4,,
1:16:7.359463,10,-28928
1:16:8.962759,13,0
1:16:16.965569,13,0
1:16:26.572161,13,0
1:16:28.131380,16,-23296
1:16:31.375092,13,0
1:16:32.934311,16,-23296
1:16:39.339561,16,-23296
1:16:44.141758,16,-23296
1:16:44.179855,10,-29440
1:16:44.181564,13,0
1:16:45.742615,16,-23296
1:16:47.382172,10,-29440
1:16:55.389866,13,0
1:16:56.990719,13,0
1:17:0.190232,10,-29184
1:17:4.954457,16,-23296
1:17:8.156410,16,-23296
1:17:9.756533,16,-23040
1:17:9.794627,10,-29184
1:17:11.396092,10,-29184
1:17:14.599267,13,0
1:17:16.199757,10,-29184
1:17:19.402075,10,-29184
1:17:22.603540,10,-29184
1:17:24.206715,13,0
1:17:25.766056,16,-23296
1:17:27.405617,10,-29184
1:17:29.008059,13,0
1:17:35.371063,16,-23296
1:17:37.011478,10,-29184
1:17:38.612331,10,-29184
1:17:43.374603,16,-23296
1:17:48.177532,16,-23296
1:17:52.981441,16,-23552
1:17:59.385715,16,-23296
1:17:59.423931,10,-29184
1:18:7.431746,13,0
1:18:9.031380,10,-29440
1:18:9.033212,13,0
1:18:10.589988,16,-23552
1:18:17.034920,10,-29440
1:18:18.635897,10,-29440
1:18:20.239073,13,0
1:18:23.398901,16,-23552
1:18:28.241636,10,-29440
1:18:28.243345,13,0
1:18:29.844078,10,-29440
1:18:31.444689,10,-29440
1:18:33.003174,16,-23808
1:18:34.647007,10,-29440
1:18:36.249451,13,0
1:18:39.449085,10,-29696
1:18:41.007446,16,-23552
1:18:42.650551,10,-29184
1:18:44.251892,10,-29184
1:18:44.253723,13,0
1:18:47.454456,13,0
1:18:52.255554,10,-29440
1:18:53.856411,10,-29440
1:18:55.460438,13,0
1:18:57.017704,16,-23552
1:18:58.662758,13,0
1:19:5.065446,13,0
1:19:6.664469,10,-29696
1:19:14.669719,10,-29440
1:19:14.671551,13,0
1:19:22.632479,16,-23296
1:19:24.276312,10,-29440
1:19:25.833212,16,-24064
1:19:25.878998,13,0
1:19:29.080219,13,0
1:19:30.679243,10,-29696
1:19:32.236752,16,-23808
1:19:33.839195,16,-23808
1:19:38.682785,10,-29440
1:19:41.844322,16,-23808
1:19:43.444199,16,-23808
1:19:45.087914,10,-29696
1:19:48.247009,16,-23808
1:19:51.493530,13,0
1:19:56.295605,13,0
1:19:59.498047,13,0
1:20:1.054335,16,-24064
1:20:2.697558,10,-29696
1:20:4.298901,10,-29696
1:20:9.102686,10,-29440
1:20:10.703541,10,-29696
1:20:10.705373,13,0
1:20:12.306838,13,0
1:20:13.861783,16,-23808
1:20:13.907692,13,0
1:20:15.461660,16,-23808
1:20:25.068254,16,-24320
1:20:37.919781,10,-29696
1:20:41.122955,13,0
1:20:47.525887,13,0
1:20:50.726250,10,-29696
1:20:52.326862,10,-29696
1:20:52.328815,13,0
1:20:55.531013,13,0
1:20:57.131622,13,0
1:21:0.288034,16,-24320
1:21:0.334799,13,0
1:21:6.690965,16,-24576
1:21:13.094383,16,-24320
1:21:14.695238,16,-24320
1:21:17.898413,16,-24320
1:21:19.545055,13,0
1:21:22.744444,10,-29952
1:21:25.902809,16,-24320
1:21:25.949451,13,0
1:21:27.549084,10,-29696
1:21:29.149694,10,-29696
1:21:29.151525,13,0
1:21:30.752380,13,0
1:21:32.351650,10,-29440
1:21:33.953968,13,0
1:21:37.108425,16,-24320
1:21:40.355556,10,-29952
1:21:40.357388,13,0
1:21:41.912331,16,-24320
1:21:43.512943,16,-24320
1:21:43.559708,13,0
1:21:45.158607,10,-29696
1:21:51.517338,16,-24320
1:21:51.563736,10,-29696
1:21:51.565689,13,0
1:21:53.117828,16,-24576
1:21:53.166302,13,0
1:21:56.320145,16,-24576
1:21:59.520878,16,-24576
1:22:2.771429,13,0
1:22:7.526740,16,-24832
1:22:9.174359,13,0
1:22:18.732601,16,-24576
1:22:18.779488,10,-30208
1:22:20.379732,10,-29952
1:22:21.983395,13,0
1:22:23.534798,16,-24832
1:22:23.583273,13,0
1:22:31.585592,10,-29952
1:22:34.742126,16,-24576
1:22:41.146397,16,-24576
1:22:42.795849,13,0
1:22:44.394505,10,-29952
1:22:45.947987,16,-24576
1:22:50.797436,10,-29952
1:22:50.799389,13,0
1:22:52.350670,16,-25088
1:22:52.398781,10,-29952
1:22:55.552990,16,-24832
1:23:2.003052,10,-30208
1:23:6.807815,10,-30208
1:23:11.610622,10,-29696
1:23:14.811356,10,-30464
1:23:16.364592,16,-25088
1:23:17.965446,16,-25344
1:23:19.566912,16,-25088
1:23:19.616240,13,0
1:23:22.768375,16,-25344
1:23:22.818560,13,0
1:23:24.419170,13,0
1:23:40.378510,16,-25344
1:23:42.028084,10,-30464
1:23:45.229061,10,-30464
1:23:45.230770,13,0
1:23:49.985348,16,-25344
1:23:51.634556,13,0
1:23:53.187424,16,-25344
1:24:2.842124,13,0
1:24:7.642857,10,-30464
1:24:9.194506,16,-25344
1:24:10.846398,13,0
1:24:14.048473,13,0
1:24:17.200489,16,-25344
1:24:20.402687,16,-25344
1:24:22.003296,16,-25344
1:24:25.254580,10,-29952
1:24:26.805616,16,-25344
1:24:28.455555,10,-30464
1:24:31.607815,16,-25600
1:24:31.659584,13,0
1:24:36.460930,13,0
1:24:44.466911,13,0
1:24:46.066299,10,-30720
1:24:47.667400,10,-30720
1:25:2.077167,13,0
1:25:3.626007,16,-25600
1:25:6.829060,16,-25856
1:25:6.878999,10,-30720
1:25:8.429670,16,-25856
1:25:8.481685,13,0
1:25:14.834188,16,-25856
1:25:22.837118,16,-26112
1:25:26.038218,16,-26112
1:25:27.689865,10,-30720
1:25:32.493530,10,-30720
1:25:37.246521,16,-26112
1:25:38.899513,13,0
1:25:40.448719,16,-26112
1:25:40.498535,10,-29696
1:25:46.851646,16,-26112
1:25:51.706715,13,0
1:25:53.307327,13,0
1:25:54.908180,13,0
1:25:56.510380,13,0
1:25:58.058121,16,-26368
1:25:59.710499,10,-30720
1:26:2.911844,10,-30720
1:26:4.461782,16,-26368
1:26:7.716239,13,0
1:26:10.918437,13,0
1:26:15.717583,10,-30720
1:26:17.267521,16,-26368
1:26:17.321245,13,0
1:26:20.520514,10,-30720
1:26:25.273504,16,-26368
1:26:26.928083,13,0
1:26:28.526495,10,-30720
1:26:38.133579,13,0
1:26:39.732357,10,-30720
1:26:39.734554,13,0
1:26:41.336021,13,0
1:26:50.888157,16,-26368
1:26:57.292431,16,-26368
1:26:58.944077,10,-30976
1:27:0.547741,13,0
1:27:2.147619,13,0
1:27:3.746154,10,-30976
1:27:3.748474,13,0
1:27:5.349084,13,0
1:27:10.152015,13,0
1:27:14.954456,10,-30720
1:27:16.557264,13,0
1:27:18.104151,16,-26624
1:27:19.757265,10,-30464
1:27:22.960318,13,0
1:27:26.162394,13,0
1:27:27.760927,10,-31232
1:27:32.566055,13,0
1:27:38.914288,16,-26624
1:27:38.971428,13,0
1:27:40.572041,13,0
1:27:43.772038,10,-31232
1:27:46.920269,16,-26880
1:27:54.924664,16,-26880
1:27:54.976311,10,-31488
1:27:59.726006,16,-26880
1:28:4.583761,10,-31232
1:28:7.731990,16,-27136
1:28:9.388767,13,0
1:28:35.001099,10,-31744
1:28:41.350792,16,-27392
1:28:44.607815,13,0
1:28:55.813797,10,-31744
1:29:3.763980,16,-27904
1:29:3.817460,10,-31744
1:29:5.421124,13,0
1:29:14.969109,16,-27648
1:29:18.230036,13,0
1:29:24.575703,16,-27648
1:29:26.177168,16,-27392
1:29:26.231258,10,-31744
1:29:31.035776,13,0
1:29:35.781441,16,-27904
1:29:35.836510,10,-31744
1:29:46.987301,16,-27648
1:29:47.046032,13,0
1:29:50.245178,10,-31744
1:29:53.448963,13,0
1:29:56.594627,16,-27648
1:29:56.651283,13,0
1:29:58.194504,16,-27648
1:29:58.251770,13,0
1:30:4.597558,16,-27648
1:30:11.060684,13,0
1:30:12.601831,16,-27392
1:30:14.262271,13,0
1:30:15.804884,16,-27648
1:30:17.461294,10,-31744
1:30:27.066299,10,-31744
1:30:28.667154,10,-31744
1:30:30.211966,16,-27392
1:30:30.269352,10,-31744
1:30:33.413429,16,-27392
1:30:35.014896,16,-27648
1:30:35.074604,13,0
1:30:47.878998,10,-32000
1:30:51.024422,16,-27648
1:30:51.083393,13,0
1:30:54.226620,16,-27392
1:30:54.284004,10,-31744
1:31:7.033944,16,-27648
1:31:8.635531,16,-27904
1:31:8.694506,13,0
1:31:15.038218,16,-27648
1:31:15.097558,13,0
1:31:16.695726,10,-31744
1:31:21.501831,13,0
1:31:23.041880,16,-27904
1:31:23.100855,10,-31744
1:31:39.112087,13,0
1:31:42.253723,16,-27648
1:31:43.854458,16,-27392
1:31:43.915997,13,0
1:31:50.319534,13,0
1:31:53.521000,13,0
1:31:56.720024,10,-31744
1:31:58.321369,10,-31744
1:32:4.724420,10,-32000
1:32:11.070330,16,-27136
1:32:11.128694,10,-31744
1:32:12.732845,13,0
1:32:14.271184,16,-27648
1:32:27.079853,16,-27904
1:32:31.940536,10,-31744
1:32:33.545300,13,0
1:32:36.747498,13,0
1:32:38.345543,10,-32000
1:32:41.486446,16,-27648
1:32:41.547863,10,-31744
1:32:43.150307,13,0
1:32:46.349205,10,-32000
1:32:49.550793,10,-32000
1:32:51.151283,10,-31744
1:32:52.694504,16,-27904
1:32:54.353603,10,-31744
1:32:55.954456,10,-32000
1:33:5.563492,13,0
1:33:11.903907,16,-27904
1:33:13.565080,10,-32000
1:33:16.766788,10,-32000
1:33:26.312576,16,-27904
1:33:31.179609,13,0
1:33:32.777290,10,-32256
1:33:32.779732,13,0
1:33:37.518436,16,-28160
1:33:39.120636,16,-28160
1:33:42.381317,10,-32256
1:33:43.983150,10,-32256
1:33:47.186813,13,0
1:33:48.725883,16,-28416
1:33:56.791821,10,-31744
1:33:58.330036,16,-28416
1:33:59.931747,16,-28416
1:34:1.593162,10,-32256
1:34:12.804029,13,0
1:34:19.207449,13,0
1:34:20.743345,16,-28416
1:34:20.806593,10,-32000
1:34:24.009645,13,0
1:34:28.811966,13,0
1:34:30.409767,10,-32512
1:34:38.418560,13,0
,13,
1:34:39.955189,16,-28416
1:34:46.421124,10,-32000
1:34:49.559219,16,-28672
1:34:49.621735,10,-32768
1:34:51.160683,16,-28416
1:34:52.826740,13,0
1:34:55.964592,16,-28672
1:34:56.025398,10,-32768
1:34:57.629669,13,0
1:34:59.227596,10,-32768
1:35:0.831013,13,0
1:35:4.033822,13,0
1:35:7.170208,16,-28928
1:35:8.771062,16,-28672
1:35:8.834555,10,-32768
1:35:10.372405,16,-28928
1:35:12.038340,13,0
1:35:16.841393,13,0
1:35:21.642612,13,0
1:35:23.179731,16,-29184
1:35:26.381929,16,-29184
1:35:26.443102,10,-32768
1:35:32.850914,13,0
1:35:35.987179,16,-29184
1:35:36.050304,10,-32768
1:35:40.788521,16,-29184
1:35:42.389988,16,-29184
1:35:43.990841,16,-29184
1:35:47.193649,16,-28928
1:35:47.258854,13,0
1:35:52.059830,10,-32768
1:35:56.863003,10,-32768
1:35:58.466301,13,0
1:36:0.067643,13,0
1:36:4.802442,16,-29440
1:36:16.074848,13,0
1:36:17.674603,10,-32768
1:36:19.275335,10,-32768
1:36:24.078144,10,32512
1:36:25.679731,10,-32768
1:36:27.216118,16,-29440
1:36:27.282295,13,0
1:36:32.017460,16,-29696
1:36:41.625153,16,-29696
1:36:51.294384,10,-32768
1:36:59.233700,16,-29696
1:37:4.037363,16,-29696
1:37:5.704396,13,0
1:37:10.441026,16,-29440
1:37:21.714775,13,0
1:37:23.246643,16,-29696
1:37:24.848352,16,-29696
1:37:29.719048,13,0
1:37:31.252747,16,-29696
1:37:32.854336,16,-29696
1:37:39.323689,10,-32768
1:37:42.524422,10,32256
1:37:44.127838,13,0
1:37:45.726616,10,32256
1:37:47.260563,16,-29952
1:37:52.063492,16,-30208
1:37:53.732967,13,0
1:37:56.936020,13,0
1:37:58.533943,10,32256
1:38:0.135409,10,32256
1:38:3.271673,16,-29952
1:38:4.941148,13,0
1:38:11.274481,16,-30208
1:38:14.476068,16,-30208
1:38:16.144077,10,31744
1:38:20.881319,16,-30208
1:38:22.548717,10,31744
1:38:28.886324,16,-29952
1:38:32.156410,13,0
1:38:35.289135,16,-29952
1:38:41.758854,10,31744
1:38:43.359463,10,31744
1:38:49.767643,13,0
1:38:51.368256,13,0
1:38:59.368988,10,31744
1:39:0.903785,16,-30720
1:39:4.174725,13,0
1:39:5.705128,16,-30720
1:39:13.782417,13,0
1:39:15.312576,16,-30976
1:39:21.783150,10,31744
1:39:29.786692,10,31744
1:39:32.989010,10,31488
1:39:34.589622,10,31488
1:39:37.725029,16,-30720
1:39:39.396946,13,0
1:39:40.927349,16,-30720
1:39:47.330036,16,-30720
1:39:48.930893,16,-30720
1:39:52.203419,13,0
14,,
1:39:55.402443,10,31488
1:39:56.934433,16,-30976
1:39:58.607082,13,0
1:40:0.136386,16,-30976
1:40:3.411600,13,0
1:40:5.012210,13,0
1:40:8.142368,16,-31232
1:40:14.617460,13,0
1:40:16.214529,10,31488
1:40:21.020269,13,0
1:40:24.221733,13,0
1:40:25.824177,13,0
1:40:27.421978,10,31232
1:40:29.026251,13,0
1:40:33.826496,10,31744
1:40:41.832844,13,0
1:40:43.362026,16,-31488
1:40:44.962273,16,-31488
1:40:52.966545,16,-31232
1:40:56.239315,10,31232
1:41:1.041636,10,31232
1:41:2.573871,16,-30720
1:41:12.177289,16,-31232
1:41:20.183271,16,-31488
1:41:21.784126,16,-31488
1:41:26.659340,13,0
1:41:28.188400,16,-31488
1:41:39.392673,16,-31744
1:41:40.994385,16,-31488
1:41:44.195362,16,-31488
1:41:47.470329,10,30976
1:41:49.070206,10,31232
1:41:52.201466,16,-31744
1:41:57.003662,16,-31744
1:41:58.677532,13,0
14,,
1:42:1.806105,16,-31744
1:42:3.406593,16,-31744
1:42:5.079731,10,30976
1:42:6.683639,13,0
1:42:19.487911,10,31232
1:42:21.091454,13,0
1:42:24.293774,13,0
1:42:25.894627,13,0
,13,
1:42:37.099632,10,30976
1:42:41.904274,13,0
1:42:45.102566,10,30976
1:42:46.706226,13,0
1:42:48.232845,16,-32000
1:42:51.506226,10,30976
1:42:53.035042,16,-32000
1:43:2.717338,13,0
1:43:4.317338,13,0
1:43:7.515751,10,30720
1:43:9.045300,16,-32000
1:43:9.120269,13,0
1:43:15.520879,10,30720
1:43:18.726984,13,0
1:43:21.851160,16,-32256
1:43:25.053236,16,-32000
1:43:25.130526,13,0
1:43:26.732113,13,0
1:43:31.530403,10,30720
1:43:34.731991,10,30720
1:43:49.141392,10,30720
1:43:52.346886,13,0
1:43:57.073139,16,-32256
1:44:5.150183,10,30720
1:44:6.754090,13,0
1:44:14.757021,10,30720
1:44:21.159706,10,30720
1:44:30.691452,16,-32256
1:44:32.291943,16,-32256
1:44:33.968010,10,30720
1:44:40.374603,13,0
1:44:43.497803,16,-32512
1:44:45.173626,10,30464
1:44:51.503784,16,-32000
1:44:53.105129,16,-32000
1:44:56.305862,16,-32512
1:45:4.389377,13,0
1:45:10.714774,16,-32256
1:45:13.990843,10,30720
1:45:15.517705,16,-32256
1:45:21.998169,13,0
1:45:23.521246,16,-32256
1:45:29.924175,16,-32256
1:45:30.000854,10,30464
1:45:34.806229,13,0
1:45:38.005249,10,30464
1:45:39.609158,13,0
1:45:41.132233,16,-32512
1:45:42.733089,16,-32512
1:45:47.615139,13,0
1:45:49.135777,16,-32512
1:45:52.337364,16,-32512
1:45:54.018681,13,0
1:45:58.741024,16,-32512
1:45:58.817947,10,30464
1:46:1.944078,16,-32512
1:46:11.549085,16,-32256
1:46:11.627473,13,0
1:46:13.218803,10,30720
1:46:19.552626,16,-32256
1:46:19.630281,10,30720
1:46:22.831867,10,30464
1:46:26.033089,10,30464
1:46:27.634798,10,30720
1:46:30.759951,16,-32512
1:46:38.842125,10,30464
1:46:40.365078,16,-32512
1:46:45.167156,16,-32512
1:46:48.369476,16,-32256
1:46:51.570820,16,-32512
1:46:56.453846,13,0
1:46:57.976189,16,-32512
1:47:4.459829,13,0
1:47:5.979854,16,-32512
1:47:7.662149,13,0
1:47:12.382540,16,-32512
1:47:14.064836,13,0
1:47:15.662516,10,30464
1:47:17.267155,13,0
1:47:18.868010,13,0
1:47:20.465446,10,30464
1:47:23.667765,10,30464
1:47:26.792919,16,-32768
1:47:28.474604,13,0
1:47:30.076069,13,0
1:47:38.076435,10,30464
1:47:42.878876,10,30720
1:47:44.402321,16,-32768
1:47:44.482540,13,0
1:47:47.684860,13,0
1:48:0.493651,13,0
1:48:2.093651,13,0
13,,
1:48:3.694383,13,0
1:48:6.814042,16,-32512
1:48:13.296947,10,30464
1:48:18.100733,10,30208
1:48:22.907082,13,0
1:48:32.511356,13,0
1:48:34.111965,13,0
1:48:35.631622,16,-32768
1:48:40.512455,10,29952
1:48:46.917828,10,29952
1:48:50.122955,13,0
1:48:51.719902,10,30208
1:48:54.841026,16,-32768
1:49:1.246154,16,-32768
1:49:1.325641,10,29952
1:49:6.049084,16,-32768
1:49:6.129426,10,30208
1:49:18.854944,16,-32768
1:49:22.057020,16,-32768
1:49:25.342003,13,0
1:49:30.063004,16,-32768
1:49:33.344810,10,30208
1:49:39.749329,10,30720
1:49:57.359463,10,30208
1:49:58.961174,10,30208
1:50:11.684859,16,32512
1:50:16.487789,16,32512
1:50:16.569719,10,29952
1:50:22.893040,16,-32768
1:50:22.974237,10,30208
1:50:24.579121,13,0
14,,
1:50:34.183273,13,0
1:50:35.781441,10,29952
1:50:43.785957,10,30208
1:50:48.507568,16,-32768
1:50:50.108181,16,-32768
1:50:59.799633,13,0
1:51:1.396215,10,29952
1:51:4.597558,10,29952
1:51:9.400489,10,29696
1:51:20.525030,16,32512
1:51:25.410868,10,29696
1:51:28.612331,10,29952
1:51:33.418682,13,0
1:51:35.017460,10,29952
1:51:38.223076,13,0
1:51:41.424664,13,0
1:51:44.626129,13,0
1:51:52.542492,16,-32768
1:51:55.831989,13,0
1:51:59.029793,10,29696
1:52:3.837973,13,0
1:52:7.039194,13,0
1:52:13.442124,13,0
1:52:18.157021,16,32512
1:52:23.047863,13,0
1:52:29.449818,10,29952
1:52:31.053846,13,0
1:52:35.768375,16,32512
1:52:37.368866,16,32512
1:52:42.258976,13,0
1:52:46.974236,16,32256
1:52:47.062027,13,0
1:52:51.862392,10,29952
1:52:53.463860,10,29696
1:52:58.181442,16,32256
1:52:59.870331,13,0
1:53:1.470940,13,0
1:53:4.669719,10,29696
1:53:6.270207,10,29952
1:53:10.987424,16,32000
1:53:11.076801,13,0
1:53:12.673993,10,29952
1:53:17.482052,13,0
1:53:19.079121,10,29696
1:53:22.195238,16,32256
1:53:26.997559,16,32256
1:53:28.687912,13,0
1:53:36.691452,13,0
1:53:43.006958,16,32256
1:53:43.096581,13,0
1:53:44.693893,10,29696
1:53:47.810013,16,32512
1:53:52.612087,16,32256
1:53:57.503906,13,0
1:54:2.216239,16,32000
1:54:5.418559,16,32256
1:54:18.313675,10,29696
1:54:29.432478,16,32000
1:54:32.726128,13,0
1:54:34.323200,10,29696
1:54:39.125397,10,29696
1:54:40.726250,10,29696
1:54:43.928570,10,29696
1:54:45.529060,10,29696
1:54:50.244080,16,32000
1:54:51.845055,16,31744
1:54:53.445545,16,32000
1:54:59.850914,16,31744
1:54:59.942368,13,0
1:55:3.052991,16,32000
1:55:6.254457,16,32000
1:55:6.345055,13,0
1:55:15.950305,13,0
1:55:17.547375,10,29696
1:55:19.153114,13,0
1:55:28.667765,16,31744
1:55:28.758486,13,0
,14,
1:55:33.557877,10,29696
1:55:41.473503,16,31744
1:55:46.370209,13,0
1:55:52.773136,13,0
1:55:55.883030,16,31744
1:55:55.974602,13,0
1:56:8.779120,10,29696
1:56:10.379731,10,29696
1:56:21.589254,13,0
1:56:26.299877,16,31744
1:56:29.590843,10,29696
1:56:31.194994,13,0
1:56:35.904152,16,31744
1:56:47.205372,13,0
1:56:53.515018,16,31744
1:56:53.608425,13,0
1:57:1.518681,16,31744
1:57:1.610745,10,29696
1:57:4.815873,13,0
15,,
1:57:9.524664,16,31744
1:57:11.126007,16,31744
1:57:12.726862,16,31744
1:57:12.816606,10,29696
1:57:19.129671,16,31744
1:57:22.423199,10,29440
1:57:25.532600,16,31744
1:57:33.632721,13,0
1:57:41.543591,16,32256
1:57:43.143589,16,31744
1:57:43.237728,13,0
1:57:44.834919,10,29696
1:57:48.037727,10,29440
1:57:49.642246,13,0
1:57:52.844566,13,0
1:57:55.950184,16,31744
1:57:57.550793,16,31744
1:57:59.247253,13,0
1:58:7.158120,16,31488
1:58:13.657143,13,0
1:58:18.362514,16,31744
1:58:18.456287,10,29440
1:58:21.661417,13,0
1:58:28.060562,10,29696
1:58:29.570696,16,31744
1:58:29.661295,10,29440
1:58:31.261906,10,29696
1:58:34.464226,10,29440
1:58:36.064835,10,29440
1:58:37.670940,13,0
1:58:39.271671,13,0
1:58:47.272282,10,29696
1:58:55.280342,13,0
1:59:4.888034,13,0
1:59:12.888034,10,29696
1:59:20.891453,10,29440
1:59:25.698046,13,0
1:59:38.506348,13,0
1:59:43.212212,16,31488
1:59:46.414532,16,31488
1:59:48.015141,16,31488
1:59:48.108181,10,29184
1:59:59.316483,10,29440
2:0:0.920391,13,0
2:0:4.023077,16,31488
2:0:5.623932,16,31744
2:0:7.226130,16,31488
2:0:12.029059,16,31488
2:0:12.122222,10,29184
2:0:18.530525,13,0
2:0:20.032600,16,31744
2:0:20.131990,13,0
2:0:28.135530,13,0
2:0:31.238462,16,31744
2:0:47.348106,13,0
2:0:53.651772,16,31744
2:0:56.948841,10,29440
2:0:58.455433,16,31488
2:1:0.150061,10,29440
2:1:4.957021,13,0
2:1:6.555433,10,29440
2:1:9.761539,13,0
2:1:16.164225,13,0
2:1:17.761293,10,29184
2:1:22.564224,10,29440
2:1:32.170818,10,29696
2:1:33.675213,16,31488
2:1:35.275826,16,31744
2:1:38.478146,16,31744
2:1:38.579121,13,0
2:1:40.178997,13,0
2:1:43.380463,13,0
2:1:44.881073,16,31488
2:1:46.578144,10,29440
2:1:56.184738,10,29440
2:2:2.592308,13,0
2:2:5.789988,10,29184
2:2:15.395604,10,29440
2:2:21.800365,10,29440
2:2:23.401831,10,29440
2:2:28.105740,16,32000
2:2:36.211357,13,0
2:2:40.914162,16,31744
2:2:44.215630,13,0
2:2:52.221611,13,0
2:2:57.023811,13,0
2:2:58.620758,10,29440
2:3:0.222222,10,29440
2:3:3.423687,10,29440
2:3:5.028938,13,0
2:3:19.434067,10,29184
2:3:21.038584,13,0
2:3:30.643833,13,0
2:3:32.143101,16,31488
2:3:35.443588,10,29440
2:3:37.048107,13,0
2:3:53.056900,13,0
2:3:56.259098,13,0
2:3:57.860073,13,0
2:3:59.358486,16,31744
2:4:7.363004,16,31744
2:4:15.466300,10,29440
2:4:17.070818,13,0
2:4:21.873993,13,0
2:4:23.372406,16,31744
2:4:23.470695,10,29184
2:4:25.072893,10,29440
2:4:28.175335,16,31744
2:4:34.578266,16,32000
2:4:36.282661,13,0
2:4:45.784126,16,32000
2:4:50.587791,16,31744
2:4:52.293896,13,0
2:4:53.894749,13,0
2:5:3.499756,13,0
2:5:5.099634,13,0
2:5:6.700366,13,0
2:5:8.297192,10,29184
2:5:9.798046,16,32000
2:5:11.503541,13,0
2:5:16.202320,16,31744
2:5:21.105984,10,29440
2:5:25.912210,13,0
2:5:27.512943,13,0
2:5:30.609646,16,32000
2:5:32.311844,10,29440
2:5:35.514042,10,29696
2:5:43.524055,13,0
2:5:45.124664,13,0
2:5:46.620026,16,32000
2:5:51.527596,13,0
2:5:53.125031,10,29440
2:5:56.329792,13,0
2:5:59.425762,16,32000
2:6:4.228571,16,32000
2:6:7.431746,16,31744
2:6:10.633944,16,32000
2:6:13.941026,13,0
2:6:20.344566,13,0
2:6:23.542734,10,29696
2:6:25.146521,13,0
2:6:26.748230,13,0
2:6:33.149330,10,29696
2:6:34.750305,10,29440
2:6:47.555923,10,29696
2:6:50.758244,10,29696
2:6:53.965324,13,0
2:6:55.457874,16,32256
2:7:1.966422,10,29952
2:7:5.065201,16,32256
2:7:9.970085,10,29696
2:7:13.176190,13,0
2:7:16.377655,13,0
2:7:17.976068,10,29440
2:7:19.576557,10,29696
2:7:24.383638,13,0
2:7:29.185715,13,0
2:7:30.782539,10,29696
2:7:51.599754,13,0
2:7:53.092308,16,32512
2:8:1.095849,16,32512
2:8:7.498779,16,32512
2:8:9.210012,13,0
2:8:15.610500,10,29952
2:8:18.707081,16,32512
2:8:22.017460,13,0
2:8:23.617582,13,0
2:8:26.814774,10,29696
2:8:29.912210,16,-32768
2:8:31.512699,16,32512
2:8:31.621735,13,0
2:8:33.224052,13,0
2:8:38.022831,10,29696
2:8:44.429916,13,0
2:8:46.030525,13,0
2:8:53.926739,16,32512
2:9:0.436874,10,29696
2:9:3.638340,10,29696
2:9:13.242613,10,29696
2:9:14.843468,10,29952
2:9:16.339071,16,-32768
2:9:19.646399,10,29696
2:9:32.458607,13,0
2:9:34.055069,10,29696
2:9:38.858242,10,29952
2:9:42.060318,10,29696
2:9:48.468987,13,0
2:9:51.667034,10,29696
2:9:56.469231,10,29696
2:10:2.876190,13,0
2:10:9.168986,16,-32768
2:10:9.279854,13,0
2:10:17.285837,13,0
2:10:29.982418,16,-32768
2:10:30.088156,10,29696
2:10:31.694017,13,0
2:10:33.290356,10,29696
2:10:39.585838,16,-32512
2:10:47.699390,10,29696
2:10:53.995605,16,-32512
2:11:6.915385,13,0
2:11:14.919047,13,0
2:11:16.516239,10,29696
2:11:30.925884,10,29696
2:11:32.530769,13,0
2:11:35.732357,13,0
2:11:45.336510,13,0
2:11:48.538826,13,0
2:11:51.737606,10,29696
2:11:59.747009,13,0
2:12:4.548352,13,0
2:12:9.347009,10,29952
2:12:10.952991,13,0
2:12:12.440782,16,-32512
2:12:14.149817,10,29696
2:12:17.242125,16,-32512
2:12:26.958242,10,29952
2:12:30.050182,16,-32768
2:12:31.760439,10,29696
2:12:33.252502,16,-32768
2:12:38.163857,10,29696
2:12:44.458241,16,-32512
2:12:52.577045,13,0
2:12:57.375702,10,29952
2:12:58.980831,13,0
2:13:3.670085,16,-32000
2:13:14.986936,10,29696
2:13:16.587545,10,29696
2:13:27.683271,16,-32768
2:13:32.597069,10,29696
2:13:39.005737,13,0
2:14:3.016117,10,30208
2:14:4.502809,16,-32512
2:14:18.912577,16,-32256
2:14:19.027718,13,0
2:14:20.625763,10,29696
2:14:22.226374,10,29696
2:14:26.916849,16,-32512
2:14:27.029305,10,29696
2:14:30.117338,16,-32512
2:14:30.235165,13,0
2:14:33.432236,10,29952
2:14:38.123322,16,-32768
2:14:38.239559,13,0
2:14:39.841270,13,0
2:14:47.728573,16,-32768
2:15:2.253480,13,0
2:15:3.738095,16,-32768
2:15:7.052015,10,29696
2:15:10.255067,10,29696
2:15:11.743223,16,-32512
2:15:13.461782,13,0
2:15:19.864836,13,0
2:15:24.667765,13,0
2:15:26.268253,13,0
2:15:27.869108,13,0
2:15:35.870697,10,29440
2:15:38.957996,16,-32768
2:15:46.961418,16,-32768
2:15:48.562149,16,-32768
2:15:50.277901,10,29696
2:15:56.681564,10,29696
2:16:2.972528,16,-32768
2:16:3.086691,10,29696
2:16:12.695604,13,0
2:16:14.176679,16,-32768
2:16:18.979731,16,-32768
2:16:31.787790,16,-32768
2:16:33.388523,16,-32768
2:16:38.190475,16,-32768
2:16:39.911842,13,0
2:16:43.113064,13,0
2:16:46.315384,13,0
2:16:52.600365,16,-32768
2:17:3.805250,16,-32768
2:17:8.725031,10,29440
2:17:10.325641,10,29440
2:17:11.926496,10,29696
2:17:19.936996,13,0
2:17:23.138218,13,0
14,,
2:17:26.219048,16,-32768
2:17:27.936752,10,29696
2:17:31.020391,16,-32768
2:17:32.622101,16,-32768
2:17:39.026375,16,32512
2:17:39.143223,10,29696
2:17:40.748596,13,0
2:17:42.350060,13,0
2:17:43.829548,16,-32768
2:17:45.551525,13,0
2:17:47.148350,10,30208
2:17:51.833942,16,32512
2:17:53.433823,16,-32768
2:18:1.438095,16,-32768
2:18:1.555800,10,29696
2:18:4.641148,16,32512
2:18:4.763370,13,0
2:18:6.242247,16,-32768
2:18:6.364835,13,0
2:18:15.964713,10,29696
2:18:17.570452,13,0
2:18:19.170574,13,0
2:18:20.766911,10,29696
2:18:22.367399,10,29696
2:18:38.377777,10,29696
2:18:39.860928,16,32512
2:18:43.180710,10,29696
2:18:44.781563,10,29696
2:18:46.263615,16,-32768
2:18:46.386814,13,0
,14,
2:18:52.792187,13,0
2:18:55.870453,16,32512
2:18:59.191086,10,29696
2:19:7.195360,10,29440
2:19:8.800122,13,0
2:19:10.400733,13,0
2:19:12.001343,13,0
2:19:13.598413,10,29440
2:19:21.604395,10,29696
2:19:24.687302,16,32256
2:19:24.805861,10,29440
2:19:26.287912,16,32512
2:19:28.011723,13,0
2:19:31.213186,13,0
2:19:36.011600,10,29696
2:20:1.507204,16,32256
2:20:8.036019,13,0
2:20:12.714286,16,32256
2:20:12.834677,10,29440
2:20:19.241880,13,0
2:20:27.242491,10,29440
2:20:43.131744,16,32000
2:20:46.458973,13,0
2:20:49.659706,13,0
2:20:52.736263,16,32256
2:21:2.342857,16,32000
2:21:16.872040,10,29440
2:21:20.073259,10,29440
2:21:28.079243,10,29440
2:21:29.680830,10,29440
2:21:32.886326,13,0
2:21:36.083637,10,29440
2:21:45.688034,10,29440
2:21:55.300121,13,0
2:21:56.895603,10,29440
2:22:1.577167,16,32256
2:22:1.703175,13,0
2:22:19.186569,16,31744
2:22:20.787546,16,31744
2:22:32.115749,10,29440
2:22:38.395969,16,31744
2:22:38.525276,13,0
2:22:39.997803,16,31744
2:22:46.524910,10,29440
2:22:48.130280,13,0
2:22:49.604275,16,31744
2:22:57.736263,13,0
2:23:4.010500,16,31744
2:23:8.939683,10,29440
2:23:15.347253,13,0
2:23:21.621735,16,31744
2:23:31.356899,13,0
,13,
2:23:36.154213,10,29184
2:23:37.759830,13,0
2:23:39.360439,13,0
2:23:56.841515,16,31744
2:23:56.972527,13,0
2:24:6.576801,13,0
2:24:12.975702,10,28928
2:24:14.451649,16,31488
2:24:20.981564,10,29184
2:24:28.985226,10,29184
2:24:33.663490,16,31488
2:24:35.389622,10,28928
2:24:38.590965,10,29184
2:24:41.793163,10,29184
2:24:56.076557,16,31488
2:25:0.879731,16,31488
2:25:4.205616,10,28672
2:25:7.282418,16,31488
2:25:10.483150,16,31488
2:25:17.018559,13,0
2:25:24.892796,16,31232
2:25:28.220268,10,28928
2:25:37.698536,16,31488
2:25:39.432724,13,0
2:25:50.633701,10,28928
2:25:53.840050,13,0
2:25:57.043102,13,0
13,,
2:26:0.111722,16,31488
2:26:6.515263,16,31488
2:26:6.648230,13,0
2:26:16.253969,13,0
2:26:24.126251,16,31488
2:26:25.860928,13,0
2:26:27.462149,13,0
2:26:33.865078,13,0
2:26:38.535286,16,31232
2:26:46.672039,13,0
2:26:49.874847,13,0
2:27:2.676312,10,29184
2:27:5.750549,16,30976
2:27:5.883638,13,0
2:27:7.479243,10,29184
2:27:21.893040,13,0
2:27:23.359097,16,30976
2:27:24.960073,16,31232
2:27:25.089499,10,28928
2:27:26.562271,16,31232
2:27:28.162882,16,31232
2:27:34.701221,13,0
2:27:41.099754,10,28928
2:27:47.502686,10,28928
2:27:49.109158,13,0
2:27:50.705006,10,28928
2:28:1.782051,16,31232
2:28:1.913309,10,28928
2:28:16.319536,10,28928
2:28:22.723322,10,28672
2:28:25.926374,10,28928
2:28:37.000732,16,30976
2:28:38.733822,10,28928
2:28:43.536629,10,28928
2:28:48.209034,16,30720
2:28:48.340294,10,28672
2:28:53.143223,10,28928
2:28:56.350426,13,0
2:29:5.949084,10,28928
2:29:7.418437,16,30976
2:29:10.752014,10,28928
2:29:18.757998,10,28672
2:29:23.560196,10,28672
2:29:25.160685,10,28928
2:29:42.777901,13,0
2:29:45.841270,16,30720
2:29:45.974968,10,29440
2:29:55.583515,13,0
2:30:0.381319,10,28672
2:30:13.056410,16,30720
2:30:13.189500,10,28672
2:30:19.459341,16,30720
2:30:29.066790,16,30720
2:30:40.272526,16,30720
2:30:45.207813,10,28672
2:30:50.015751,13,0
2:30:56.416241,10,28672
2:30:59.484371,16,30976
2:30:59.617462,10,28672
2:31:12.429914,13,0
2:31:14.030525,13,0
2:31:18.834555,13,0
2:31:33.101833,16,30720
2:31:33.236629,10,28672
2:31:37.904884,16,30720
2:31:38.044567,13,0
2:31:46.045544,10,28672
2:31:49.252014,13,0
,15,
2:31:52.453480,13,0
2:31:55.649818,10,28416
2:31:57.256653,13,0
2:31:58.852139,10,28672
2:32:0.452259,10,28416
2:32:11.525396,16,30720
2:32:11.660928,10,28672
2:32:14.868376,13,0
2:32:26.072405,13,0
2:32:30.870451,10,28416
2:32:38.740780,16,30464
2:32:38.876434,10,28416
2:32:42.077778,10,28416
2:32:43.683640,13,0
2:32:53.284248,10,28416
2:32:54.885105,10,28416
2:33:1.290232,10,28416
2:33:4.492674,10,28416
2:33:12.500610,13,0
2:33:18.904274,13,0
2:33:20.363247,16,30464
2:33:20.499756,10,28416
2:33:21.964102,16,30464
2:33:23.708059,13,0
2:33:25.309525,13,0
2:33:28.505739,10,28416
2:33:38.110744,10,28416
2:33:39.575092,16,30720
2:33:41.318314,13,0
2:34:10.134310,13,0
2:34:11.736753,13,0
2:34:16.534431,10,28416
2:34:19.598536,16,29696
2:34:22.799999,16,29952
2:34:30.803907,16,29696
2:34:32.404274,16,29952
2:34:35.605740,16,29696
2:34:45.356655,13,0
2:34:46.952137,10,28160
2:35:6.163736,10,28416
2:35:14.172649,13,0
2:35:15.774359,13,0
2:35:22.172527,10,28160
2:35:23.778633,13,0
2:35:30.178511,10,28160
2:35:33.380829,10,28416
2:35:46.191818,13,0
2:35:47.648228,16,29696
2:35:49.393284,13,0
2:36:2.196093,10,27904
2:36:3.802198,13,0
2:36:6.860073,16,29440
2:36:8.605128,13,0
2:36:11.802075,10,27904
2:36:19.665812,16,29696
2:36:23.015385,13,0
2:36:29.418438,13,0
2:36:34.219780,13,0
2:36:39.022587,13,0
2:36:42.220390,10,28160
2:36:58.089134,16,29440
2:37:4.640049,13,0
2:37:7.842247,13,0
2:37:12.639683,10,27648
2:37:23.849329,13,0
2:37:25.445421,10,27648
2:37:28.652260,13,0
2:37:30.254580,13,0
2:37:33.307327,16,28928
2:37:38.110256,16,29184
2:37:41.313309,16,29440
2:37:41.454945,10,27648
2:37:44.662636,13,0
2:37:46.263371,13,0
2:37:47.717094,16,29184
2:37:51.060684,10,27648
2:37:52.667034,13,0
2:37:55.864712,10,27648
2:38:0.667643,10,27648
2:38:5.325641,16,29184
2:38:5.475214,13,0
2:38:11.731013,16,29184
2:38:15.074725,10,27648
2:38:21.335897,16,28928
2:38:23.080708,10,27648
2:38:29.489134,13,0
2:38:38.946400,16,28928
2:38:50.297192,10,27648
2:38:51.898537,10,27904
2:38:59.906837,13,0
2:39:7.911233,13,0
2:39:12.565202,16,28416
2:39:22.169476,16,28672
2:39:25.522223,13,0
2:39:30.325153,13,0
2:39:31.777044,16,28928
2:39:41.380463,16,28416
2:39:41.533333,13,0
2:39:44.728573,10,27392
2:39:52.732357,10,27392
2:39:57.391575,16,28928
2:40:2.339561,10,27392
2:40:8.595971,16,28416
2:40:10.343224,10,27392
2:40:13.551038,13,0
2:40:26.206959,16,28416
2:40:32.609890,16,28416
2:40:40.615871,16,28416
2:40:43.818192,16,28416
2:41:3.174847,10,27136
2:41:9.578510,10,27136
2:41:23.987545,10,27136
2:41:28.789621,10,26880
2:41:35.193161,10,26880
2:41:43.050793,16,28416
2:41:44.651649,16,28160
2:41:46.401344,10,27648
2:41:51.202686,10,27136
2:41:59.060318,16,28160
2:42:0.808791,10,27136
2:42:8.814775,10,27136
2:42:10.416118,10,27392
2:42:19.871552,16,27904
2:42:26.276556,16,28160
2:42:31.227839,10,27136
2:42:32.834309,13,0
2:42:35.880951,16,27904
2:42:39.236996,13,0
2:42:45.640781,13,0
2:42:47.236629,10,26880
2:42:48.843102,13,0
2:43:3.096825,16,27648
2:43:9.649084,10,26880
2:43:22.457998,10,26624
2:43:35.264469,10,26880
2:43:43.276192,13,0
2:43:44.872162,10,26880
2:43:54.482052,13,0
2:44:12.087301,10,26880
2:44:13.538095,16,27392
2:44:13.693895,13,0
2:44:23.298901,13,0
14,,
2:44:24.899755,13,0
2:44:28.096092,10,26624
2:44:29.545177,16,27392
2:44:29.702686,13,0
,15,
2:44:32.905739,13,0
2:44:36.107815,13,0
2:44:37.551159,16,27392
2:44:40.910378,13,0
2:44:42.505127,10,26880
2:44:52.110134,10,26624
2:44:58.362881,16,27392
2:45:11.321978,10,26368
2:45:17.573259,16,27392
2:45:30.533821,10,26368
2:45:32.140171,13,0
14,,
2:45:33.735287,10,26368
2:45:38.537361,10,26368
2:45:47.991695,16,27392
2:45:48.149696,13,0
2:45:49.751526,13,0
2:45:57.596581,16,27392
2:46:5.754457,10,26368
2:46:8.961905,13,0
2:46:10.558120,10,26368
2:46:13.760440,10,26368
2:46:15.361050,10,26368
2:46:23.364592,10,26368
2:46:37.618439,16,27392
2:46:48.825886,16,27392
2:47:1.632479,16,27392
2:47:4.990598,10,26368
2:47:12.994261,10,26368
2:47:14.440537,16,27392
2:47:14.601465,13,0
2:47:17.641880,16,27136
2:47:19.243345,16,27136
2:47:19.402809,13,0
2:47:24.199879,10,26368
2:47:28.847740,16,27136
2:47:35.413185,13,0
2:47:36.853725,16,27136
2:47:41.655922,16,27136
2:47:41.816849,13,0
2:47:48.214653,10,26368
2:47:49.822956,13,0
2:47:56.064590,16,27136
2:48:2.623565,10,26368
2:48:5.831014,13,0
2:48:9.026252,10,26368
2:48:15.273993,16,27136
2:48:15.431746,10,26368
2:48:25.036753,10,26368
2:48:28.243956,13,0
2:48:42.490231,16,26880
2:48:49.057388,13,0
2:48:52.096825,16,26880
2:48:53.854580,10,26368
2:48:55.299023,16,27392
2:48:55.460316,13,0
2:48:58.655800,10,26368
2:49:0.256899,10,26368
2:49:1.701954,16,27392
2:49:5.066911,13,0
2:49:6.661905,10,26368
2:49:22.670574,10,26368
2:49:32.284004,13,0
2:49:49.886936,10,26368
2:49:59.493530,10,26368
2:50:2.695726,10,26880
2:50:4.137851,16,26880
2:50:13.901710,10,26112
2:50:15.343712,16,26880
2:50:21.913553,13,0
2:50:25.114775,13,0
2:50:31.517826,13,0
2:50:39.522221,13,0
2:50:40.958485,16,27136
2:50:56.968010,16,26880
2:51:0.334676,13,0
2:51:5.137607,13,0
2:51:11.536997,10,26368
2:51:13.137607,10,26112
2:51:14.744445,13,0
2:51:25.784859,16,27136
2:51:27.544201,10,26368
2:51:40.191086,16,26880
2:51:40.352993,10,26112
2:51:46.596458,16,26880
2:51:56.201466,16,26880
2:51:57.802441,16,26880
2:52:1.004274,16,27136
2:52:9.007936,16,26880
2:52:18.781197,13,0
2:52:21.982662,13,0
2:52:25.185471,13,0
2:52:29.988646,13,0
2:52:50.801952,13,0
2:52:57.198658,10,26112
2:52:58.636753,16,27392
2:52:58.799511,10,26112
2:53:3.607692,13,0
2:53:5.041026,16,27136
2:53:6.803052,10,26368
2:53:38.823811,10,26112
2:53:43.463005,16,26880
2:53:43.626740,10,26112
2:53:46.834309,13,0
2:53:51.466667,16,27392
2:53:53.067276,16,27136
2:53:57.872040,16,27136
2:54:1.241392,13,0
2:54:2.674847,16,27392
2:54:2.837851,10,26112
2:54:7.640659,10,26112
2:54:9.077534,16,27392
2:54:12.442857,10,26368
2:54:17.081196,16,27392
2:54:18.846519,10,26112
2:54:41.260441,10,26368
2:54:44.467278,13,0
2:54:47.499634,16,27136
2:54:47.669598,13,0
2:55:5.273626,10,26368
2:55:6.881563,13,0
2:55:11.678267,10,26112
2:55:16.481930,10,26112
2:55:32.324543,16,27136
2:55:38.729061,16,27136
2:55:48.334064,16,27136
2:55:59.539806,16,27136
2:56:10.914408,10,26112
2:56:14.116362,10,26112
2:56:18.918072,10,26368
2:56:23.553846,16,27136
2:56:26.922466,10,26112
2:56:33.326740,10,26368
2:56:38.129669,10,26368
2:56:52.537727,10,26112
2:56:54.144566,13,0
,14,
2:57:11.748840,10,26368
2:57:30.792795,16,26880
2:57:35.763615,10,26112
2:57:38.796581,16,26880
2:57:40.397678,16,26880
2:57:40.572773,13,0
2:57:43.768009,10,26368
2:57:50.179363,13,0
2:57:53.206470,16,27392
2:57:56.576069,10,26112
2:58:28.424786,16,26880
2:58:36.600365,10,26112
2:58:38.031746,16,26624
2:58:38.208179,13,0
2:58:43.004639,10,26112
2:58:46.211723,13,0
2:59:3.823077,13,0
2:59:7.024176,13,0
2:59:21.426008,10,26112
2:59:27.660072,16,26880
2:59:29.438339,13,0
2:59:34.240536,13,0
2:59:45.268620,16,26624
2:59:45.446400,13,0
2:59:56.653847,13,0
3:0:6.252503,10,26112
3:0:9.454823,10,26112
3:0:15.859341,10,26112
3:0:19.067766,13,0
3:0:20.662271,10,25856
3:0:26.894505,16,27392
3:0:27.071306,13,0
3:0:28.666544,10,26112
3:0:31.867277,10,25856
3:0:38.270817,10,25856
3:0:44.682663,13,0
3:0:51.078999,10,25856
3:0:52.686203,13,0
3:0:54.109035,16,26624
3:0:54.287666,13,0
3:0:58.912086,16,26880
3:1:13.493162,10,25856
3:1:21.324421,16,27136
3:1:29.509157,13,0
3:1:40.715019,13,0
3:1:43.738461,16,27392
3:1:59.927715,13,0
3:2:4.729793,13,0
5,,
3:2:7.751648,16,26624
3:2:19.131990,10,25856
3:2:20.557264,16,26624
3:2:20.739317,13,0
3:2:25.535776,10,25856
3:2:26.962637,16,26624
3:2:36.567642,16,26624
3:2:41.551037,13,0
3:2:44.571186,16,26624
3:2:51.158363,13,0
3:2:52.758610,13,0
3:3:0.582418,16,26368
3:3:16.589621,16,26624
3:3:16.766788,10,25856
3:3:18.366667,10,25856
3:3:19.967033,10,25856
3:3:24.595604,16,26368
3:3:32.776314,10,25600
3:3:34.377045,10,25600
3:3:40.603542,16,26368
3:3:40.781563,10,25600
3:3:45.582905,10,25600
3:3:47.190720,13,0
3:3:51.811722,16,26880
3:3:53.593773,13,0
3:3:59.991817,10,25856
3:4:25.429182,16,26368
3:4:25.614653,13,0
3:4:44.824055,13,0
3:4:46.418072,10,25344
3:4:48.020267,10,25344
3:4:57.447498,16,26368
3:4:57.625641,10,25600
3:5:10.432845,10,25344
3:5:13.456899,16,26368
3:5:20.046764,13,0
3:5:23.247620,13,0
3:5:26.449818,13,0
3:5:37.649940,10,25344
3:5:39.257141,13,0
3:5:42.273014,16,26368
3:5:53.480465,16,26368
3:6:1.484860,16,26368
3:6:8.074847,13,0
3:6:33.502441,16,26368
3:6:38.305252,16,26368
3:6:38.485104,10,25344
3:6:41.687424,10,25344
3:6:44.888889,10,25344
3:6:49.512699,16,26368
3:6:59.299145,10,25600
3:7:13.705739,10,25344
3:7:24.914042,10,25856
3:7:27.933210,16,26368
3:7:28.114531,10,25344
3:7:29.715385,10,25344
3:7:32.917583,10,25344
3:7:42.524178,10,25344
3:7:53.547741,16,26368
3:7:58.538948,13,0
3:8:0.132845,10,25344
3:8:15.961050,16,26368
3:8:22.553724,13,0
3:8:32.153603,10,25344
3:8:41.758854,10,25344
3:8:57.768497,10,25344
3:9:0.787424,16,26368
3:9:3.988889,16,26112
3:9:10.582540,13,0
3:9:13.593895,16,26112
3:9:29.787546,10,25344
3:9:32.989132,10,25344
3:9:34.590477,10,25344
3:9:47.404640,13,0
3:9:52.016605,16,25856
3:9:53.809036,13,0
3:10:0.205128,10,25344
3:10:1.812698,13,0
3:10:3.413309,13,0
3:10:5.007936,10,25344
3:10:8.026130,16,25856
3:10:14.621612,13,0
3:10:22.618437,10,25344
3:10:24.226618,13,0
3:10:27.235531,16,26368
3:10:29.027962,13,0
3:10:30.629671,13,0
3:10:36.843224,16,25856
3:10:40.236263,13,0
3:10:41.837120,13,0
3:10:43.431625,10,25600
3:10:44.846764,16,26112
3:10:46.632355,10,25344
3:10:54.637608,10,25344
3:10:59.448109,13,0
3:11:9.046276,10,25344
3:11:18.657631,13,0
3:11:20.252136,10,25344
3:11:24.870329,16,26112
3:11:26.656654,10,25344
3:11:29.858974,10,25344
3:11:31.466545,13,0
3:11:32.875336,16,26112
3:11:34.668011,13,0
3:11:42.478878,16,25856
3:11:49.070576,10,25344
3:11:58.675945,10,25344
3:12:0.276557,10,25344
3:12:5.078632,10,25344
3:12:37.104641,13,0
3:12:40.307816,13,0
3:12:49.906105,10,25344
3:12:51.513676,13,0
3:13:1.118681,13,0
3:13:2.719536,13,0
3:13:4.314774,10,25344
3:13:5.915629,10,25344
3:13:10.531013,16,26112
3:13:15.333821,16,26368
3:13:17.128204,13,0
3:13:20.135164,16,26368
3:13:29.930525,10,25344
3:13:36.145542,16,26368
3:13:42.548473,16,26112
3:13:45.945419,13,0
3:13:53.951405,13,0
3:13:58.558121,16,26368
3:14:0.158608,16,26368
3:14:3.361050,16,26368
3:14:33.974236,13,0
3:14:57.989010,13,0
3:15:20.402075,13,0
3:15:31.607937,13,0
3:15:36.212822,16,26368
3:15:52.414165,10,25344
3:15:54.014774,10,25344
3:15:55.424541,16,26624
3:16:6.823199,10,25344
3:16:8.423809,10,25344
3:16:9.833577,16,26368
3:16:14.833821,13,0
3:16:16.434433,13,0
3:16:19.636753,13,0
3:16:24.239927,16,26368
3:16:32.245911,16,26368
3:16:37.240658,10,25344
3:16:43.651527,13,0
3:16:45.244934,10,25344
3:16:46.653969,16,26368
3:17:7.465690,16,26368
3:17:10.667155,16,26368
3:17:15.469231,16,26368
3:17:15.671551,13,0
3:17:20.272161,16,26368
3:17:23.667889,10,25344
3:17:25.075825,16,26368
3:17:38.084614,13,0
3:17:44.286079,16,26368
3:17:50.884983,10,25600
3:18:0.489133,10,25344
3:18:3.497802,16,26368
3:18:5.300855,13,0
3:18:24.503906,10,25600
3:18:29.308670,10,25600
3:18:30.916483,13,0
3:18:32.313309,16,26368
3:18:34.111355,10,26112
3:18:37.115993,16,26368
3:18:48.324177,16,26368
3:18:51.721001,10,25344
3:19:7.729793,10,25344
3:19:14.140537,13,0
14,,
3:19:26.941637,10,25600
3:19:33.149086,16,26368
3:19:37.952259,16,26368
3:19:41.153481,16,26368
3:19:46.153358,10,25344
3:19:50.757999,16,26368
3:20:0.568498,13,0
3:20:3.566911,16,26368
3:20:9.969841,16,26368
3:20:11.571062,16,26368
3:20:13.370330,10,25600
3:20:19.773260,10,25600
3:20:29.377533,10,25600
3:20:32.587914,13,0
3:20:53.195236,16,26368
3:20:59.797680,10,25344
3:21:4.599756,10,25344
3:21:6.000977,16,26368
3:21:15.607815,16,26368
3:21:22.209890,10,25344
3:21:27.020147,13,0
3:21:39.827717,13,0
3:21:41.421001,10,25344
3:21:57.230282,16,26368
3:21:59.039318,13,0
3:22:5.435043,10,25344
3:22:13.441026,10,25344
3:22:15.041514,10,25344
3:22:34.253601,10,25600
3:22:37.463127,13,0
3:22:40.456043,16,26368
3:22:43.657509,16,26368
3:22:45.466667,13,0
3:22:50.060196,16,26368
3:22:51.661903,16,26368
3:22:58.066299,16,26368
3:22:58.265812,10,25344
3:23:1.476313,13,0
3:23:2.869353,16,26368
3:23:6.271795,10,25344
3:23:7.873382,10,25856
3:23:14.283273,13,0
3:23:15.884371,13,0
3:23:30.286570,10,25344
3:23:31.685471,16,26368
3:23:35.088646,10,25344
3:23:36.696949,13,0
3:23:38.088280,16,26368
3:23:41.491573,10,25344
3:23:43.099632,13,0
3:23:54.307938,13,0
3:23:59.110134,13,0
3:24:2.311477,13,0
3:24:3.905861,10,25344
3:24:22.914774,16,26368
3:24:31.120878,10,25344
3:24:32.518925,16,26368
3:24:45.327839,16,26368
3:24:48.732235,10,25344
3:25:7.741148,16,26368
3:25:9.552992,13,0
3:25:15.955922,13,0
3:25:22.147375,16,26368
3:25:31.958853,10,25344
3:25:39.969963,13,0
3:25:41.359341,16,26368
3:25:47.762272,16,26368
3:25:52.778877,13,0
3:25:54.165691,16,26368
3:25:57.368866,16,26368
3:26:0.571062,16,26368
3:26:2.384005,13,0
3:26:15.182784,10,25344
3:26:16.579121,16,26368
3:26:18.179731,16,26368
3:26:27.991209,10,25344
3:26:29.387913,16,26368
3:26:40.805984,13,0
3:26:44.008915,13,0
3:26:45.602932,10,25344
3:26:50.199635,16,26112
3:26:51.800488,16,26368
3:26:53.614162,13,0
3:27:3.005373,16,26368
3:27:22.431013,13,0
3:27:38.441391,13,0
3:27:40.042858,13,0
3:27:51.247131,13,0
3:27:52.848839,13,0
3:28:3.841514,16,25856
3:28:8.850672,10,25344
3:28:10.458975,13,0
3:28:16.647985,16,26112
3:28:16.855923,10,25344
3:28:18.249329,16,25856
3:28:34.258976,16,26112
3:28:42.262516,16,25600
3:28:45.679611,13,0
3:28:51.867767,16,25856
3:28:52.077045,10,25344
3:28:56.879486,10,25344
3:28:58.480099,10,25344
3:29:0.080708,10,25344
3:29:3.290598,13,0
3:29:9.478633,16,25856
3:29:12.679365,16,25856
3:29:17.700367,13,0
3:29:20.901953,13,0
3:29:27.297070,10,25344
3:29:46.516605,13,0
3:29:51.102810,16,25600
3:29:52.912697,10,25344
3:30:8.931379,13,0
3:30:15.326374,10,25344
3:30:29.743223,13,0
3:30:39.339684,10,25088
3:30:43.932968,16,25856
3:30:44.142490,10,25344
3:30:47.352505,13,0
3:30:55.358608,13,0
3:31:1.761539,13,0
3:31:3.354335,10,25088
3:31:17.763371,10,25088
3:31:22.566299,10,25088
3:31:25.775702,13,0
3:31:31.960928,16,25600
3:31:33.772160,10,25088
3:31:52.991817,13,0
3:31:54.593163,13,0
3:32:23.401464,10,25088
3:32:27.993040,16,25600
3:32:33.008915,10,24832
3:32:34.617584,13,0
3:33:1.833089,13,0
3:33:9.614896,16,25088
