0:0:4.14151,10,-3.75
0:0:4.14957,11,0.10607
0:0:4.15751,12,-3.74914
0:0:4.16545,0,-0.00916
0:0:4.19829,10,0.03268
0:0:4.20635,11,0.10605
0:0:4.21441,12,0
0:0:4.22234,0,-0.00916
0:0:4.25433,10,0.03269
0:0:4.26239,11,0.10579
0:0:4.27033,12,-3.73541
0:0:4.27827,0,-65.63416
0:0:4.31038,10,0.03359
0:0:4.31832,11,0.10502
0:0:4.32637,12,-3.74914
0:0:4.33431,0,-0.00916
0:0:4.36642,10,0.03369
0:0:4.37436,11,0.1056
0:0:4.38242,12,-3.74228
0:0:4.42234,10,0.03219
0:0:4.43040,11,0.10537
0:0:4.43834,12,-3.74914
0:0:4.47839,10,0.033
0:0:4.48645,11,0.10503
0:0:4.49438,12,-3.74914
0:0:4.50232,0,-0.00916
0:0:4.53443,10,0.03313
0:0:4.54237,11,0.10517
0:0:4.55043,12,-3.74914
0:0:4.55836,0,-65.63416
0:0:4.58999,10,0.03309
0:0:4.59841,11,0.10567
0:0:4.60647,12,-2.41245
0:0:4.64640,10,0.03277
0:0:4.65446,11,0.10568
0:0:4.66239,12,-2.35752
0:0:4.70244,10,0.03234
0:0:4.71050,11,0.10556
0:0:4.71844,12,-0.05951
0:0:4.75849,10,0.03363
0:0:4.76642,11,0.10502
0:0:4.77448,12,-3.73541
0:0:4.78242,0,-73.83728
0:0:4.81441,10,0.03415
0:0:4.82247,11,0.10633
0:0:4.83040,12,-2.34836
0:0:4.87045,10,0.03306
0:0:4.87851,11,0.10506
0:0:4.88645,12,-2.35752
0:0:4.92650,10,0.03387
0:0:4.93443,11,0.10432
0:0:4.94249,12,-2.34836
0:0:4.98254,10,0.03368
0:0:4.99048,11,0.10534
0:0:4.99853,12,-3.74914
0:0:5.00623,0,-73.83728
0:0:5.03822,10,0.03311
0:0:5.04628,11,0.10464
0:0:5.05421,12,-0.01373
0:0:5.09426,10,0.03283
0:0:5.10232,11,0.10482
0:0:5.11026,12,0
0:0:5.15031,10,0.03335
0:0:5.15824,11,0.10529
0:0:5.16630,12,0
0:0:5.20611,10,0.03482
0:0:5.21429,11,0.10458
0:0:5.22234,12,-2.36439
0:0:5.26227,10,0.03385
0:0:5.27033,11,0.10506
0:0:5.27827,12,-0.00687
0:0:5.31832,10,0.03277
0:0:5.32637,11,0.10538
0:0:5.33431,12,-0.00687
0:0:5.37436,10,0.03302
0:0:5.38230,11,0.10519
0:0:5.39035,12,-2.49714
0:0:5.39829,0,-0.00916
0:0:5.43028,10,0.03272
0:0:5.43834,11,0.10445
0:0:5.44640,12,-2.49714
0:0:5.45433,0,-0.00916
0:0:5.48632,10,0.03336
0:0:5.49438,11,0.10461
0:0:5.50232,12,-2.49714
0:0:5.51026,0,-0.00916
0:0:5.54237,10,0.03338
0:0:5.55031,11,0.10484
0:0:5.55836,12,-2.54978
0:0:5.56630,0,-0.00916
0:0:5.59841,10,0.03344
0:0:5.60635,11,0.10489
0:0:5.61441,12,-2.36439
0:0:5.65433,10,0.03253
0:0:5.66239,11,0.10552
0:0:5.67033,12,0
0:0:5.71038,10,0.03446
0:0:5.71844,11,0.10477
0:0:5.72637,12,-2.4033
0:0:5.73431,0,74.99084
0:0:5.76642,10,0.0325
0:0:5.77436,11,0.10539
0:0:5.78242,12,-0.0206
0:0:5.82247,10,0.03382
0:0:5.83040,11,0.10567
0:0:5.83846,12,0
0:0:5.87839,10,0.03396
0:0:5.88645,11,0.10456
0:0:5.89438,12,-0.00687
0:0:5.93443,10,0.03356
0:0:5.94249,11,0.10585
0:0:5.95043,12,-2.33463
0:0:5.99048,10,0.03316
0:0:5.99841,11,0.10637
0:0:6.00623,12,-0.01373
0:0:6.01416,0,74.99084
0:0:6.04615,10,0.03296
0:0:6.05421,11,0.10411
0:0:6.06227,12,-2.35752
0:0:6.10220,10,0.03315
0:0:6.11026,11,0.10602
0:0:6.11819,12,-2.4033
0:0:6.15824,10,0.03219
0:0:6.16618,11,0.10593
0:0:6.17424,12,-2.35752
0:0:6.21429,10,0.03293
0:0:6.22222,11,0.10511
0:0:6.23028,12,-2.35752
0:0:6.27021,10,0.0324
0:0:6.27827,11,0.10565
0:0:6.28620,12,-0.01373
0:0:6.32625,10,0.03309
0:0:6.33431,11,0.1054
0:0:6.34225,12,-0.03204
0:0:6.38230,10,0.03224
0:0:6.39023,11,0.10476
0:0:6.39829,12,0.00916
0:0:6.43810,10,0.03312
0:0:6.44628,11,0.10542
0:0:6.45433,12,-3.74228
0:0:6.49426,10,0.03191
0:0:6.50232,11,0.1042
0:0:6.51026,12,0
0:0:6.55031,10,0.03255
0:0:6.55836,11,0.10537
0:0:6.56630,12,-0.02747
0:0:6.60635,10,0.03171
0:0:6.61429,11,0.10587
0:0:6.62234,12,-0.05951
0:0:6.66227,10,0.03339
0:0:6.67033,11,0.10533
0:0:6.67790,12,-0.02747
0:0:6.71832,10,0.03167
0:0:6.72637,11,0.10624
0:0:6.73431,12,-0.01373
0:0:6.77436,10,0.03146
0:0:6.78230,11,0.10582
0:0:6.79035,12,-0.06867
0:0:6.79829,0,74.99084
0:0:6.83040,10,0.03255
0:0:6.83834,11,0.1052
0:0:6.84640,12,-0.00687
0:0:6.88632,10,0.03189
0:0:6.89438,11,0.10512
0:0:6.90232,12,-0.05951
0:0:6.91038,0,74.99084
0:0:6.94237,10,0.03175
0:0:6.95043,11,0.10527
0:0:6.95836,12,-0.00687
0:0:6.99841,10,0.03291
0:0:7.00610,11,0.10609
0:0:7.01416,12,-2.34379
0:0:7.05421,10,0.03158
0:0:7.06215,11,0.10527
0:0:7.07021,12,0.00916
0:0:7.11013,10,0.03181
0:0:7.11819,11,0.10436
0:0:7.12613,12,-2.35752
0:0:7.13407,0,74.99084
0:0:7.16618,10,0.03179
0:0:7.17424,11,0.1049
0:0:7.18217,12,-0.00687
0:0:7.22222,10,0.03179
0:0:7.23016,11,0.10592
0:0:7.23822,12,-2.32319
0:0:7.27814,10,0.03069
0:0:7.28620,11,0.10671
0:0:7.29426,12,0
0:0:7.30220,0,74.99084
0:0:7.33419,10,0.03123
0:0:7.34225,11,0.10658
0:0:7.35018,12,-3.73999
0:0:7.35812,0,74.99084
0:0:7.39023,10,0.03154
0:0:7.39817,11,0.10527
0:0:7.40623,12,-0.02747
0:0:7.44628,10,0.03236
0:0:7.45421,11,0.10492
0:0:7.46227,12,-0.00687
0:0:7.50220,10,0.03103
0:0:7.51026,11,0.10466
0:0:7.51831,12,0
0:0:7.55824,10,0.03147
0:0:7.56630,11,0.1062
0:0:7.57424,12,-0.01373
0:0:7.61429,10,0.03158
0:0:7.62222,11,0.10474
0:0:7.63028,12,-2.34379
0:0:7.67033,10,0.03177
0:0:7.67827,11,0.10521
0:0:7.68632,12,-0.00687
0:0:7.72625,10,0.03197
0:0:7.73431,11,0.10492
0:0:7.74225,12,0
0:0:7.78230,10,0.0314
0:0:7.79035,11,0.10487
0:0:7.79829,12,-3.74914
0:0:7.83834,10,0.03173
0:0:7.84628,11,0.10528
0:0:7.85433,12,-3.74456
0:0:7.86227,0,-74.86267
0:0:7.89438,10,0.03147
0:0:7.90232,11,0.10477
0:0:7.91038,12,-2.57725
0:0:7.91831,0,-65.63416
0:0:7.95030,10,0.03143
0:0:7.95836,11,0.10483
0:0:7.96630,12,-3.73999
0:0:8.00611,10,0.03045
0:0:8.01416,11,0.104
0:0:8.02210,12,-3.74456
0:0:8.03004,0,-73.83728
0:0:8.06215,10,0.03069
0:0:8.07009,11,0.10442
0:0:8.07814,12,-3.74914
0:0:8.08608,0,-73.83728
0:0:8.11807,10,0.0313
0:0:8.12613,11,0.10537
0:0:8.13407,12,-2.41245
0:0:8.17412,10,0.03145
0:0:8.18217,11,0.10492
0:0:8.19011,12,-2.35752
0:0:8.23016,10,0.03182
0:0:8.23810,11,0.10479
0:0:8.24615,12,-2.34379
0:0:8.25409,0,-65.63416
0:0:8.28620,10,0.03072
0:0:8.29414,11,0.10488
0:0:8.30220,12,-2.35752
0:0:8.34212,10,0.03152
0:0:8.35018,11,0.10565
0:0:8.35812,12,-2.35752
0:0:8.39817,10,0.03187
0:0:8.40623,11,0.10584
0:0:8.41416,12,-2.35752
0:0:8.45421,10,0.03219
0:0:8.46215,11,0.10512
0:0:8.47021,12,-0.0206
0:0:8.51026,10,0.03145
0:0:8.51819,11,0.10443
0:0:8.52625,12,-0.03204
0:0:8.56618,10,0.03149
0:0:8.57424,11,0.1043
0:0:8.58217,12,-3.74914
0:0:8.59011,0,-73.83728
0:0:8.62222,10,0.03167
0:0:8.63004,11,0.10546
0:0:8.63822,12,-2.35752
0:0:8.67827,10,0.03098
0:0:8.68620,11,0.10507
0:0:8.69426,12,-0.05951
0:0:8.73419,10,0.03238
0:0:8.74225,11,0.10467
0:0:8.75031,12,-0.05951
0:0:8.79023,10,0.0316
0:0:8.79829,11,0.10485
0:0:8.80623,12,-3.74914
0:0:8.81416,0,-73.83728
0:0:8.84628,10,0.03245
0:0:8.85421,11,0.10426
0:0:8.86227,12,-3.74914
0:0:8.87021,0,-73.83728
0:0:8.90232,10,0.03175
0:0:8.91026,11,0.10471
0:0:8.91831,12,-3.69421
0:0:8.95824,10,0.03187
0:0:8.96630,11,0.1053
0:0:8.97424,12,-3.52941
0:0:8.98217,0,-73.83728
0:0:9.01404,10,0.03154
0:0:9.02210,11,0.10434
0:0:9.03004,12,-3.74914
0:0:9.03797,0,-65.63416
0:0:9.07009,10,0.03092
0:0:9.07802,11,0.10528
0:0:9.08608,12,-3.69421
0:0:9.12613,10,0.0315
0:0:9.13407,11,0.1059
0:0:9.14212,12,-3.73999
0:0:9.18205,10,0.03155
0:0:9.19011,11,0.10578
0:0:9.19805,12,-0.16022
0:0:9.23810,10,0.03139
0:0:9.24615,11,0.10385
0:0:9.25409,12,-0.16022
0:0:9.29414,10,0.03085
0:0:9.30208,11,0.10472
0:0:9.31013,12,-2.41245
0:0:9.35006,10,0.03026
0:0:9.35812,11,0.10503
0:0:9.36618,12,-3.74228
0:0:9.40611,10,0.03194
0:0:9.41416,11,0.10516
0:0:9.42210,12,-0.01373
0:0:9.46215,10,0.03176
0:0:9.47009,11,0.1061
0:0:9.47814,12,-3.74456
0:0:9.48608,0,-73.83728
0:0:9.51819,10,0.03087
0:0:9.52613,11,0.10454
0:0:9.53419,12,-3.74228
0:0:9.57411,10,0.03194
0:0:9.58217,11,0.10536
0:0:9.59011,12,-3.73541
0:0:9.59805,0,-73.83728
0:0:9.63016,10,0.03113
0:0:9.63822,11,0.10498
0:0:9.64615,12,-3.74914
0:0:9.65409,0,-73.83728
0:0:9.68620,10,0.03156
0:0:9.69414,11,0.105
0:0:9.70220,12,-3.74685
0:0:9.74225,10,0.03048
0:0:9.75018,11,0.10479
0:0:9.75824,12,-3.71481
0:0:9.79817,10,0.03183
0:0:9.80623,11,0.10538
0:0:9.81416,12,-3.74914
0:0:9.82210,0,-73.83728
0:0:9.85421,10,0.03136
0:0:9.86227,11,0.10482
0:0:9.87021,12,-3.74914
0:0:9.87814,0,-73.83728
0:0:9.91026,10,0.03207
0:0:9.91819,11,0.10461
0:0:9.92625,12,-3.74914
0:0:9.93419,0,-74.86267
0:0:9.96618,10,0.0325
0:0:9.97424,11,0.10548
0:0:9.98230,12,-3.74914
0:0:9.98999,0,-73.83728
0:0:10.02198,10,0.03238
0:0:10.03004,11,0.10533
0:0:10.03797,12,-3.74914
0:0:10.04591,0,-74.86267
0:0:10.07802,10,0.03205
0:0:10.08596,11,0.10447
0:0:10.09402,12,-2.35752
0:0:10.10195,0,-72.66541
0:0:10.13407,10,0.03172
0:0:10.14200,11,0.10449
0:0:10.15006,12,-3.74914
0:0:10.15800,0,-65.63416
0:0:10.18999,10,0.03185
0:0:10.19805,11,0.10584
0:0:10.20598,12,-3.74914
0:0:10.21404,0,-65.63416
0:0:10.24603,10,0.03246
0:0:10.25409,11,0.10489
0:0:10.26203,12,-3.74914
0:0:10.26996,0,-74.86267
0:0:10.30208,10,0.03252
0:0:10.31001,11,0.10597
0:0:10.31807,12,-3.74914
0:0:10.32601,0,-73.83728
0:0:10.35812,10,0.03165
0:0:10.36606,11,0.10579
0:0:10.37411,12,-3.73999
0:0:10.41404,10,0.03226
0:0:10.42210,11,0.10513
0:0:10.43004,12,0
0:0:10.43797,0,-74.86267
0:0:10.47009,10,0.03221
0:0:10.47814,11,0.10597
0:0:10.48608,12,-3.74914
0:0:10.49402,0,-73.83728
0:0:10.52613,10,0.0328
0:0:10.53407,11,0.10564
0:0:10.54212,12,-3.74914
0:0:10.55006,0,-73.83728
0:0:10.58205,10,0.03261
0:0:10.59011,11,0.10568
0:0:10.59817,12,-3.74456
0:0:10.60610,0,-73.83728
0:0:10.63809,10,0.03245
0:0:10.64615,11,0.1062
0:0:10.65409,12,-3.74228
0:0:10.69414,10,0.03331
0:0:10.70208,11,0.10611
0:0:10.71013,12,-3.74914
0:0:10.71807,0,-65.63416
0:0:10.75018,10,0.03362
0:0:10.75812,11,0.10541
0:0:10.76618,12,-0.01373
0:0:10.77411,0,-72.66541
0:0:10.80610,10,0.03499
0:0:10.81416,11,0.10532
0:0:10.82210,12,-0.01373
0:0:10.83016,0,-72.66541
0:0:10.86215,10,0.03391
0:0:10.87009,11,0.1058
0:0:10.87814,12,-0.16938
0:0:10.91819,10,0.03313
0:0:10.92613,11,0.10559
0:0:10.93419,12,-0.01373
0:0:10.97424,10,0.03393
0:0:10.98217,11,0.10569
0:0:10.99023,12,-0.16022
0:0:11.02991,10,0.03477
0:0:11.03797,11,0.10607
0:0:11.04591,12,-3.74914
0:0:11.05385,0,-73.83728
0:0:11.08596,10,0.03396
0:0:11.09402,11,0.10605
0:0:11.10195,12,-3.73999
0:0:11.14200,10,0.03327
0:0:11.14994,11,0.10544
0:0:11.15800,12,-0.06867
0:0:11.19805,10,0.03374
0:0:11.20598,11,0.10616
0:0:11.21404,12,-0.00458
0:0:11.22198,0,74.99084
0:0:11.25397,10,0.03424
0:0:11.26203,11,0.10713
0:0:11.26996,12,-3.74914
0:0:11.27790,0,-73.83728
0:0:11.31001,10,0.03314
0:0:11.31795,11,0.10529
0:0:11.32601,12,-3.74456
0:0:11.33394,0,-65.63416
0:0:11.36606,10,0.03396
0:0:11.37399,11,0.10644
0:0:11.38205,12,-3.73999
0:0:11.42198,10,0.03363
0:0:11.43004,11,0.10703
0:0:11.43797,12,-3.74914
0:0:11.44603,0,-65.63416
0:0:11.47802,10,0.03482
0:0:11.48608,11,0.1059
0:0:11.49402,12,-3.74914
0:0:11.50195,0,-65.63416
0:0:11.53407,10,0.03512
0:0:11.54200,11,0.10583
0:0:11.55006,12,-3.74914
0:0:11.55800,0,-65.63416
0:0:11.59011,10,0.03325
0:0:11.59805,11,0.10647
0:0:11.60610,12,-3.74914
0:0:11.61404,0,-74.86267
0:0:11.64603,10,0.03373
0:0:11.65409,11,0.10637
0:0:11.66203,12,-3.74914
0:0:11.66996,0,-74.86267
0:0:11.70208,10,0.03456
0:0:11.71013,11,0.10615
0:0:11.71807,12,-3.74685
0:0:11.75812,10,0.03403
0:0:11.76606,11,0.10549
0:0:11.77411,12,-3.74914
0:0:11.78205,0,-65.63416
0:0:11.81416,10,0.03374
0:0:11.82210,11,0.10566
0:0:11.83016,12,-3.74914
0:0:11.83810,0,-74.86267
0:0:11.87009,10,0.03478
0:0:11.87814,11,0.10622
0:0:11.88608,12,-3.74914
0:0:11.89402,0,-74.86267
0:0:11.92613,10,0.03402
0:0:11.93419,11,0.10556
0:0:11.94212,12,-3.74914
0:0:11.95006,0,-74.86267
0:0:11.98217,10,0.03446
0:0:11.99011,11,0.10632
0:0:11.99817,12,-3.74228
0:0:12.03785,10,0.03387
0:0:12.04591,11,0.10558
0:0:12.05397,12,-3.74456
0:0:12.09389,10,0.03354
0:0:12.10195,11,0.10579
0:0:12.10989,12,-3.74914
0:0:12.11783,0,-74.86267
0:0:12.14994,10,0.03367
0:0:12.15788,11,0.10627
0:0:12.16593,12,-3.74914
0:0:12.17387,0,-73.83728
0:0:12.20598,10,0.03425
0:0:12.21392,11,0.10573
0:0:12.22198,12,-3.74914
0:0:12.22991,0,-65.63416
0:0:12.26190,10,0.03406
0:0:12.26996,11,0.10641
0:0:12.27790,12,-3.74914
0:0:12.28584,0,-73.83728
0:0:12.31795,10,0.03447
0:0:12.32601,11,0.10624
0:0:12.33394,12,-3.74456
0:0:12.34188,0,-73.83728
0:0:12.37399,10,0.03427
0:0:12.38193,11,0.10584
0:0:12.38999,12,-3.74228
0:0:12.43004,10,0.03476
0:0:12.43797,11,0.10697
0:0:12.44591,12,-3.74456
0:0:12.45397,0,-65.63416
0:0:12.48596,10,0.03359
0:0:12.49402,11,0.1062
0:0:12.50195,12,-3.74914
0:0:12.50989,0,-65.63416
0:0:12.54200,10,0.03412
0:0:12.55006,11,0.10715
0:0:12.55800,12,-3.74914
0:0:12.56593,0,-65.63416
0:0:12.59805,10,0.03435
0:0:12.60598,11,0.10524
0:0:12.61404,12,-0.01373
0:0:12.62198,0,-72.66541
0:0:12.65397,10,0.03495
0:0:12.66203,11,0.1073
0:0:12.66813,12,0
0:0:12.67802,0,-73.83728
0:0:12.71001,10,0.03502
0:0:12.71807,11,0.10686
0:0:12.72601,12,-3.74914
0:0:12.73394,0,-73.83728
0:0:12.76606,10,0.03418
0:0:12.77399,11,0.10616
0:0:12.78205,12,-3.74228
0:0:12.82210,10,0.03382
0:0:12.83004,11,0.10647
0:0:12.83810,12,-0.01373
0:0:12.84603,0,-73.83728
0:0:12.87802,10,0.0345
0:0:12.88608,11,0.10713
0:0:12.89402,12,-0.05951
0:0:12.93407,10,0.03486
0:0:12.94212,11,0.107
0:0:12.95006,12,-3.74914
0:0:12.95800,0,-73.83728
0:0:12.99011,10,0.03474
0:0:12.99805,11,0.10615
0:0:13.00586,12,-3.74914
0:0:13.01380,0,-74.86267
0:0:13.04493,10,0.03424
0:0:13.05385,11,0.10687
0:0:13.06190,12,0
0:0:13.06984,0,-72.66541
0:0:13.10183,10,0.03373
0:0:13.10989,11,0.10601
0:0:13.11783,12,-3.72168
0:0:13.15788,10,0.03574
0:0:13.16593,11,0.10747
0:0:13.17387,12,-3.74914
0:0:13.18181,0,-73.83728
0:0:13.21392,10,0.03458
0:0:13.22186,11,0.10634
0:0:13.22991,12,-3.69421
0:0:13.26984,10,0.03462
0:0:13.27790,11,0.10639
0:0:13.28596,12,-3.74228
0:0:13.32588,10,0.034
0:0:13.33394,11,0.10699
0:0:13.34188,12,-3.74914
0:0:13.34982,0,-73.83728
0:0:13.38193,10,0.0349
0:0:13.38987,11,0.10698
0:0:13.39792,12,-3.73999
0:0:13.43797,10,0.03411
0:0:13.44591,11,0.10663
0:0:13.45397,12,-3.74914
0:0:13.46190,0,-65.63416
0:0:13.49389,10,0.03505
0:0:13.50195,11,0.10694
0:0:13.50989,12,-0.17853
0:0:13.54994,10,0.03444
0:0:13.55775,11,0.10692
0:0:13.56593,12,-3.74914
0:0:13.57387,0,-70.32166
0:0:13.60598,10,0.03378
0:0:13.61392,11,0.10607
0:0:13.62198,12,-3.69421
0:0:13.66203,10,0.03436
0:0:13.66996,11,0.10607
0:0:13.67802,12,-0.00458
0:0:13.71795,10,0.03422
0:0:13.72601,11,0.10721
0:0:13.73394,12,-3.73541
0:0:13.74188,0,-73.83728
0:0:13.77399,10,0.03468
0:0:13.78205,11,0.10573
0:0:13.78999,12,-3.52941
0:0:13.79792,0,-73.83728
0:0:13.83004,10,0.03402
0:0:13.83797,11,0.10628
0:0:13.84603,12,-3.57519
0:0:13.88596,10,0.03432
0:0:13.89402,11,0.10635
0:0:13.90208,12,-3.68505
0:0:13.94200,10,0.03269
0:0:13.95006,11,0.10594
0:0:13.95800,12,-3.74685
0:0:13.99805,10,0.03347
0:0:14.00574,11,0.10595
0:0:14.01380,12,-3.74914
0:0:14.02173,0,-69.14978
0:0:14.05385,10,0.03339
0:0:14.06178,11,0.10614
0:0:14.06984,12,-2.4033
0:0:14.07778,0,74.99084
0:0:14.10977,10,0.03365
0:0:14.11783,11,0.10668
0:0:14.12576,12,-3.73083
0:0:14.16581,10,0.03352
0:0:14.17387,11,0.10639
0:0:14.18181,12,-3.74914
0:0:14.18974,0,-65.63416
0:0:14.22186,10,0.03424
0:0:14.22979,11,0.10625
0:0:14.23785,12,-3.74914
0:0:14.27790,10,0.03407
0:0:14.28584,11,0.10733
0:0:14.29389,12,-0.05951
0:0:14.33382,10,0.03317
0:0:14.34188,11,0.10553
0:0:14.34982,12,-3.74228
0:0:14.38987,10,0.0334
0:0:14.39792,11,0.10794
0:0:14.40586,12,-3.74456
0:0:14.41380,0,-65.63416
0:0:14.44591,10,0.03323
0:0:14.45385,11,0.10744
0:0:14.46190,12,-3.74685
0:0:14.50195,10,0.03258
0:0:14.50989,11,0.10641
0:0:14.51795,12,-3.74456
0:0:14.52589,0,-73.83728
0:0:14.55788,10,0.03204
0:0:14.56593,11,0.10658
0:0:14.57387,12,-3.73083
0:0:14.61392,10,0.03273
0:0:14.62186,11,0.10762
0:0:14.62991,12,-0.01373
0:0:14.63785,0,-65.63416
0:0:14.66996,10,0.03314
0:0:14.67790,11,0.10734
0:0:14.68596,12,-3.74914
0:0:14.69390,0,-74.42322
0:0:14.72589,10,0.03281
0:0:14.73394,11,0.1053
0:0:14.74200,12,-3.74914
0:0:14.74969,0,-70.32166
0:0:14.78193,10,0.03202
0:0:14.78999,11,0.10709
0:0:14.79792,12,-3.74228
0:0:14.83797,10,0.03295
0:0:14.84591,11,0.10741
0:0:14.85397,12,-3.74914
0:0:14.89402,10,0.03276
0:0:14.90195,11,0.10634
0:0:14.91001,12,-3.74914
0:0:14.91795,0,-65.63416
0:0:14.94994,10,0.03264
0:0:14.95800,11,0.10681
0:0:14.96593,12,0
0:0:14.97387,0,-65.63416
0:0:15.00574,10,0.03165
0:0:15.01380,11,0.10619
0:0:15.02173,12,-3.74914
0:0:15.02967,0,-72.66541
0:0:15.06178,10,0.03335
0:0:15.06972,11,0.10664
0:0:15.07778,12,-0.01373
0:0:15.08571,0,-72.66541
0:0:15.11783,10,0.03202
0:0:15.12576,11,0.10686
0:0:15.13382,12,-0.01373
0:0:15.14176,0,-72.66541
0:0:15.17375,10,0.03264
0:0:15.18181,11,0.10554
0:0:15.18974,12,-3.74914
0:0:15.19768,0,-74.86267
0:0:15.22979,10,0.03282
0:0:15.23785,11,0.10719
0:0:15.24579,12,-3.74914
0:0:15.25372,0,-74.86267
0:0:15.28584,10,0.03265
0:0:15.29377,11,0.1056
0:0:15.30183,12,-3.74914
0:0:15.30977,0,-70.32166
0:0:15.34176,10,0.03258
0:0:15.34982,11,0.10633
0:0:15.35788,12,-3.74914
0:0:15.39780,10,0.03272
0:0:15.40537,11,0.10683
0:0:15.41380,12,-3.74914
0:0:15.42173,0,-73.83728
0:0:15.45385,10,0.0319
0:0:15.46178,11,0.10693
0:0:15.46984,12,-0.05951
0:0:15.47778,0,74.99084
0:0:15.50989,10,0.03195
0:0:15.51783,11,0.10565
0:0:15.52589,12,-3.74914
0:0:15.56581,10,0.03204
0:0:15.57387,11,0.1065
0:0:15.58181,12,-3.74914
0:0:15.58974,0,-73.83728
0:0:15.62186,10,0.03241
0:0:15.62991,11,0.10611
0:0:15.63785,12,-3.52941
0:0:15.64579,0,-73.83728
0:0:15.67790,10,0.03315
0:0:15.68584,11,0.10584
0:0:15.69390,12,-0.01373
0:0:15.70183,0,-72.66541
0:0:15.73394,10,0.03201
0:0:15.74188,11,0.10687
0:0:15.74994,12,-3.73541
0:0:15.75788,0,-65.63416
0:0:15.78987,10,0.03396
0:0:15.79792,11,0.10587
0:0:15.80586,12,-0.05951
0:0:15.84591,10,0.03237
0:0:15.85397,11,0.10683
0:0:15.86191,12,0
0:0:15.86984,0,-74.87183
0:0:15.90195,10,0.03178
0:0:15.90989,11,0.10569
0:0:15.91795,12,-3.74914
0:0:15.95788,10,0.03262
0:0:15.96593,11,0.10665
0:0:15.97387,12,-3.74914
0:0:15.98193,0,-74.86267
0:0:16.01368,10,0.03181
0:0:16.02173,11,0.10631
0:0:16.02967,12,-0.01373
0:0:16.03761,0,-73.83728
0:0:16.06972,10,0.03206
0:0:16.07766,11,0.10653
0:0:16.08571,12,-3.74914
0:0:16.09365,0,-70.32166
0:0:16.12576,10,0.03127
0:0:16.13370,11,0.10633
0:0:16.14176,12,-3.74914
0:0:16.14969,0,-73.83728
0:0:16.18168,10,0.03115
0:0:16.18974,11,0.10667
0:0:16.19768,12,-2.35752
0:0:16.20574,0,18.74084
0:0:16.23773,10,0.03233
0:0:16.24579,11,0.10563
0:0:16.25372,12,-3.66674
0:0:16.29377,10,0.03259
0:0:16.30171,11,0.10663
0:0:16.30977,12,-0.15564
0:0:16.34982,10,0.03178
0:0:16.35775,11,0.10678
0:0:16.36532,12,-2.35752
0:0:16.37363,0,74.99084
0:0:16.40574,10,0.03261
0:0:16.41380,11,0.1054
0:0:16.42173,12,-3.73999
0:0:16.46178,10,0.03157
0:0:16.46984,11,0.10565
0:0:16.47778,12,-0.06867
0:0:16.51783,10,0.03203
